hour_index,trace_day,hour_of_day,trigger,invocations,compute_seconds
0,1,0,event,10994063,4082657.8929999988
0,1,0,http,7209763,2570199.238
0,1,0,orchestration,384336,722753.5720000002
0,1,0,others,23165,380.80499999999995
0,1,0,queue,13318676,19633002.65319921
0,1,0,storage,222687,252403.22100000002
0,1,0,timer,709340,1136838.925167702
1,1,1,event,10939968,3939588.495
1,1,1,http,7154709,2507159.708000001
1,1,1,orchestration,334476,583753.2559999999
1,1,1,others,21228,344.94899999999996
1,1,1,queue,13368274,22692810.633000672
1,1,1,storage,243746,301198.713
1,1,1,timer,684153,1098502.1312456238
2,1,2,event,11466966,4608045.477000001
2,1,2,http,7346953,2475987.084999999
2,1,2,orchestration,318581,538590.97
2,1,2,others,110120,340.802
2,1,2,queue,14202788,31109632.111605413
2,1,2,storage,259436,276629.966
2,1,2,timer,680725,1107043.9811677018
3,1,3,event,11419035,3681407.5370000005
3,1,3,http,7170062,2545310.3670000006
3,1,3,orchestration,337616,538101.4740000002
3,1,3,others,66047,338.04099999999994
3,1,3,queue,13700915,30625284.571877845
3,1,3,storage,264060,267578.574
3,1,3,timer,683635,1092035.7292066629
4,1,4,event,11689430,4549457.304999999
4,1,4,http,7206451,2481939.4970000004
4,1,4,orchestration,370029,477129.4790000001
4,1,4,others,45274,346.717
4,1,4,queue,14535180,29784348.709756095
4,1,4,storage,267988,324260.34299999994
4,1,4,timer,687158,1094654.4242066632
5,1,5,event,12742338,3793790.700000001
5,1,5,http,7350963,2630953.057
5,1,5,orchestration,310722,469598.174
5,1,5,others,44479,427.276
5,1,5,queue,14342425,31987019.088858128
5,1,5,storage,281291,492371.91599999997
5,1,5,timer,682815,1086655.144206663
6,1,6,event,12569788,4053974.399
6,1,6,http,7606723,2640047.302000001
6,1,6,orchestration,572265,421496.28500000003
6,1,6,others,51182,340.43699999999995
6,1,6,queue,15031539,29565405.828528184
6,1,6,storage,316076,426792.16299999994
6,1,6,timer,685526,1112872.5562066627
7,1,7,event,12263219,4539236.990000001
7,1,7,http,7960441,2599336.079000001
7,1,7,orchestration,774302,528530.3910000001
7,1,7,others,30514,360.986
7,1,7,queue,15452081,30141802.037459154
7,1,7,storage,319966,428740.227
7,1,7,timer,682155,1082194.9022066628
8,1,8,event,13049898,3621572.848
8,1,8,http,7845813,2763496.2710000006
8,1,8,orchestration,906360,593036.241
8,1,8,others,30232,356.622
8,1,8,queue,15464723,30029844.092235412
8,1,8,storage,386137,387113.6489999999
8,1,8,timer,689986,1096960.8222066627
9,1,9,event,13258204,3537720.582000001
9,1,9,http,7983841,2826883.477999999
9,1,9,orchestration,962390,666125.669
9,1,9,others,26422,335.588
9,1,9,queue,15472082,29495807.906317182
9,1,9,storage,338716,393726.08099999995
9,1,9,timer,681750,1076475.3922066628
10,1,10,event,12779230,3654559.772000001
10,1,10,http,8214001,2680713.9281428573
10,1,10,orchestration,712437,791125.784
10,1,10,others,21699,346.146
10,1,10,queue,15974128,30505921.832859963
10,1,10,storage,313953,351625.581
10,1,10,timer,683596,1086366.147206663
11,1,11,event,12847761,5117059.714
11,1,11,http,8467126,3111553.3775403737
11,1,11,orchestration,401625,682009.1740000001
11,1,11,others,21825,176.27499999999998
11,1,11,queue,16454484,28065787.012818962
11,1,11,storage,303879,252080.565
11,1,11,timer,677620,1082826.285206663
12,1,12,event,13036764,4244475.489
12,1,12,http,8898802,3503645.2359999996
12,1,12,orchestration,436751,796282.7849999999
12,1,12,others,26737,188.059
12,1,12,queue,16553075,30036612.370597813
12,1,12,storage,322774,273904.613
12,1,12,timer,697680,1117744.5432066629
13,1,13,event,13339232,3480585.544
13,1,13,http,9419876,3722961.415888199
13,1,13,orchestration,413448,710396.7770000001
13,1,13,others,27560,283.619
13,1,13,queue,17930739,29670098.816342395
13,1,13,storage,320826,279510.82100000005
13,1,13,timer,676114,1078483.9732066628
14,1,14,event,13439714,4362492.726000001
14,1,14,http,9259652,3363305.755428571
14,1,14,orchestration,380079,721578.708
14,1,14,others,27470,1373.683
14,1,14,queue,18298910,29407673.943847593
14,1,14,storage,325936,279904.75
14,1,14,timer,680204,1096716.1712066627
15,1,15,event,13439274,4524335.670999999
15,1,15,http,9143444,3310974.468571428
15,1,15,orchestration,398426,745642.462
15,1,15,others,22811,376.271
15,1,15,queue,18307213,41979189.03287306
15,1,15,storage,345594,287471.49900000007
15,1,15,timer,687103,1088855.6663760585
16,1,16,event,12781710,3831152.3079999997
16,1,16,http,8994905,3122096.3807142857
16,1,16,orchestration,411365,731959.292
16,1,16,others,23170,89.521
16,1,16,queue,18274226,59167565.20008408
16,1,16,storage,381873,290081.548
16,1,16,timer,700004,1094825.6909728968
17,1,17,event,13193514,5874271.134999998
17,1,17,http,8876175,3145964.819
17,1,17,orchestration,389524,683885.72
17,1,17,others,22731,3914.9680000000003
17,1,17,queue,17893625,43464336.294671796
17,1,17,storage,342753,310751.44400000013
17,1,17,timer,693228,1099516.6147391303
18,1,18,event,13712363,4464570.225
18,1,18,http,8647300,3072467.358142857
18,1,18,orchestration,422429,692053.7589999998
18,1,18,others,25959,139.396
18,1,18,queue,17566761,34381128.23009936
18,1,18,storage,363746,339473.5799999999
18,1,18,timer,692350,1129653.2408695654
19,1,19,event,13264965,5936925.824
19,1,19,http,8670079,3443269.855999998
19,1,19,orchestration,372291,682164.2959999999
19,1,19,others,22073,18.526000000000003
19,1,19,queue,16827203,31031890.613908358
19,1,19,storage,345256,295087.242
19,1,19,timer,687636,1120589.9197391302
20,1,20,event,12532086,4606313.845
20,1,20,http,8554163,3007828.164000001
20,1,20,orchestration,351869,654949.897
20,1,20,others,21891,23.727
20,1,20,queue,15813805,28331896.601670984
20,1,20,storage,347278,304420.11999999994
20,1,20,timer,697881,1132170.2387391303
21,1,21,event,12079355,5662800.859
21,1,21,http,8402216,3274797.1050000004
21,1,21,orchestration,369721,815830.726
21,1,21,others,23283,182.655
21,1,21,queue,15376859,27217365.40519072
21,1,21,storage,326312,287433.659
21,1,21,timer,691241,1108566.7957391303
22,1,22,event,11396056,3915915.421000001
22,1,22,http,7888557,2861918.0170000005
22,1,22,orchestration,377018,945076.2079999998
22,1,22,others,21460,165.52999999999997
22,1,22,queue,14266999,21004160.444395907
22,1,22,storage,377445,324276.445
22,1,22,timer,687799,1121740.0316482212
23,1,23,event,11004185,3619580.257
23,1,23,http,7722205,2601259.588999999
23,1,23,orchestration,345556,782076.2449999999
23,1,23,others,24606,73.30199999999999
23,1,23,queue,14121591,18908481.600974653
23,1,23,storage,341371,254719.01700000002
23,1,23,timer,687388,1118207.9130767928
24,2,0,event,11636655,5700526.124000002
24,2,0,http,7857497,2710296.08
24,2,0,orchestration,380655,647227.4429999999
24,2,0,others,69199,704579.058
24,2,0,queue,13991523,19521230.341524698
24,2,0,storage,318997,233723.65
24,2,0,timer,703975,1153667.2288571429
25,2,1,event,11404752,5535108.167
25,2,1,http,7773366,2775661.829999999
25,2,1,orchestration,346452,526315.76
25,2,1,others,67980,699298.631
25,2,1,queue,13704219,22059253.27100882
25,2,1,storage,353198,269818.85099999997
25,2,1,timer,674993,1102264.5948571428
26,2,2,event,11464446,5079716.036
26,2,2,http,7734899,2660517.410000001
26,2,2,orchestration,337756,519267.4929999999
26,2,2,others,57282,465955.4730000001
26,2,2,queue,13903311,23662286.572618317
26,2,2,storage,345026,466152.228
26,2,2,timer,673523,1115005.4148571426
27,2,3,event,11700749,5890000.136999999
27,2,3,http,7627024,2555043.5999999996
27,2,3,orchestration,358222,498328.47800000006
27,2,3,others,54269,621590.636
27,2,3,queue,14121744,30684349.143630836
27,2,3,storage,288914,283958.006
27,2,3,timer,677579,1097106.8138571428
28,2,4,event,11989102,6294654.764
28,2,4,http,7407942,2580389.3679999993
28,2,4,orchestration,402973,513874.16099999996
28,2,4,others,65215,619372.45
28,2,4,queue,13925257,28287332.006564863
28,2,4,storage,264690,362787.26800000004
28,2,4,timer,683728,1103832.361
29,2,5,event,13092026,5176807.515999999
29,2,5,http,7603080,2584286.264999999
29,2,5,orchestration,330601,490351.7789999998
29,2,5,others,51456,254632.776
29,2,5,queue,13118767,23908524.631191045
29,2,5,storage,261207,344087.395
29,2,5,timer,675700,1100900.3750000002
30,2,6,event,12822041,5084245.235000001
30,2,6,http,7897956,2696643.5529999994
30,2,6,orchestration,542011,490191.52099999995
30,2,6,others,80194,708353.898
30,2,6,queue,14246903,20780036.240480796
30,2,6,storage,298072,419106.973
30,2,6,timer,682336,1131400.9488571426
31,2,7,event,12645294,5742480.842999999
31,2,7,http,8391821,2757627.6220000004
31,2,7,orchestration,739229,562561.881
31,2,7,others,56665,543510.762
31,2,7,queue,15086720,19118075.22845634
31,2,7,storage,303522,246466.08599999998
31,2,7,timer,681211,1112159.2088571428
32,2,8,event,12961158,3981419.319
32,2,8,http,8379240,2698742.334
32,2,8,orchestration,911635,518405.3029999999
32,2,8,others,68160,861363.429
32,2,8,queue,15482176,20228456.379137054
32,2,8,storage,306887,226241.51099999997
32,2,8,timer,690174,1107999.6608571426
33,2,9,event,12635567,3377952.8880000003
33,2,9,http,8307580,2770534.459
33,2,9,orchestration,925623,596209.366
33,2,9,others,52835,268651.178
33,2,9,queue,15484476,21041981.85117002
33,2,9,storage,316612,247961.45
33,2,9,timer,687089,1101110.6038571429
34,2,10,event,12181597,3590952.1659999993
34,2,10,http,8486540,3318712.3050000006
34,2,10,orchestration,770923,601955.186
34,2,10,others,55971,473260.03800000006
34,2,10,queue,15771032,21839573.583392862
34,2,10,storage,329768,312714.367
34,2,10,timer,689785,1104344.8598571427
35,2,11,event,12582116,3540309.945
35,2,11,http,8613103,3025123.9010000005
35,2,11,orchestration,616855,634324.7419999999
35,2,11,others,128988,806460.8830000003
35,2,11,queue,15616250,19861031.563778568
35,2,11,storage,271356,221527.21200000003
35,2,11,timer,679750,1097373.616857143
36,2,12,event,13109175,3272684.6829999997
36,2,12,http,8999309,2997699.3090000013
36,2,12,orchestration,495749,697248.2990000001
36,2,12,others,207209,511158.33699999994
36,2,12,queue,17483855,20596567.628007133
36,2,12,storage,257139,216899.028
36,2,12,timer,701304,1136835.7258571428
37,2,13,event,13289151,12082465.356
37,2,13,http,9431582,3198071.6850000005
37,2,13,orchestration,401798,708872.548
37,2,13,others,56152,475567.937
37,2,13,queue,17450215,22175399.35455177
37,2,13,storage,283911,255465.394
37,2,13,timer,677468,1093928.4798571428
38,2,14,event,13202462,11109683.425
38,2,14,http,9400922,3230144.8879999993
38,2,14,orchestration,390410,696460.1449999999
38,2,14,others,53421,483528.82200000004
38,2,14,queue,17562680,21510369.373036593
38,2,14,storage,270680,333395.677
38,2,14,timer,683628,1104012.6788571428
39,2,15,event,13350969,9521205.969
39,2,15,http,9309605,3418900.8349999995
39,2,15,orchestration,425940,712644.2000000001
39,2,15,others,46721,347731.24500000005
39,2,15,queue,17452590,21851646.31607596
39,2,15,storage,314703,381153.54699999996
39,2,15,timer,686658,1101841.041857143
40,2,16,event,12703430,10877102.464
40,2,16,http,9200821,3170486.3629999994
40,2,16,orchestration,393228,708428.9619999999
40,2,16,others,44100,42983.524000000005
40,2,16,queue,17382278,21038224.858755488
40,2,16,storage,349788,287254.01000000007
40,2,16,timer,696503,1110693.335857143
41,2,17,event,12998016,14952502.802999994
41,2,17,http,9050788,2965305.3680000007
41,2,17,orchestration,421778,718364.0869999998
41,2,17,others,39701,10484.428000000002
41,2,17,queue,17171254,37534732.56591945
41,2,17,storage,281453,254382.6
41,2,17,timer,690130,1096254.704857143
42,2,18,event,13337652,10498254.861999996
42,2,18,http,8998760,3071254.8330000006
42,2,18,orchestration,440295,732197.289
42,2,18,others,36101,13439.830999999998
42,2,18,queue,17364817,36369882.64803603
42,2,18,storage,317107,280595.88800000004
42,2,18,timer,691387,1130672.518857143
43,2,19,event,13006968,12810671.89
43,2,19,http,9049014,3387391.9679999994
43,2,19,orchestration,413832,725715.4240000001
43,2,19,others,27194,8122.110000000001
43,2,19,queue,16981812,29654610.260348633
43,2,19,storage,293002,266908.26600000006
43,2,19,timer,687767,1111061.8979285718
44,2,20,event,12328457,13350954.646999998
44,2,20,http,8761378,2877402.301000001
44,2,20,orchestration,398787,869733.2309999999
44,2,20,others,22471,1454.1599999999999
44,2,20,queue,16794607,26285251.626306158
44,2,20,storage,265376,249515.90699999998
44,2,20,timer,698269,1112572.8339285713
45,2,21,event,12433326,12037532.09
45,2,21,http,8893012,3742909.476
45,2,21,orchestration,380220,1055035.0159999996
45,2,21,others,22246,26.538999999999998
45,2,21,queue,17060934,24044557.938372124
45,2,21,storage,260620,251418.629
45,2,21,timer,689708,1105805.4588571428
46,2,22,event,11614015,10428927.247
46,2,22,http,8576376,3171619.142000001
46,2,22,orchestration,418298,963923.2450000001
46,2,22,others,22216,214.33399999999997
46,2,22,queue,16578386,22402698.182261933
46,2,22,storage,329163,470882.908
46,2,22,timer,685398,1100341.5748571428
47,2,23,event,11489662,20338940.632000003
47,2,23,http,8285097,2901245.568999999
47,2,23,orchestration,365041,787038.2049999998
47,2,23,others,22538,241.272
47,2,23,queue,16076859,28221984.58153259
47,2,23,storage,327519,458122.61600000004
47,2,23,timer,686017,1112427.971857143
48,3,0,event,11959496,6022831.438
48,3,0,http,8221078,3156685.2070000004
48,3,0,orchestration,386770,756569.9780000002
48,3,0,others,63612,19460.867
48,3,0,queue,15208239,30938924.459795423
48,3,0,storage,307495,685441.873
48,3,0,timer,715595,1163725.7243571426
49,3,1,event,11844055,4592636.493
49,3,1,http,8368195,3128813.8730000006
49,3,1,orchestration,353381,613761.542
49,3,1,others,59889,20564.414000000004
49,3,1,queue,15022788,34758839.39308125
49,3,1,storage,323967,438339.24999999994
49,3,1,timer,684894,1115917.8037857143
50,3,2,event,11754091,3881520.389000001
50,3,2,http,7874391,2936133.0940000005
50,3,2,orchestration,360639,626718.517
50,3,2,others,61216,30861.422000000002
50,3,2,queue,15129531,40433618.31706474
50,3,2,storage,292072,458055.569
50,3,2,timer,684785,1127961.8805714285
51,3,3,event,11646517,3632897.5599999996
51,3,3,http,7549462,2746108.1899999995
51,3,3,orchestration,373758,581090.215
51,3,3,others,59969,14064.220000000001
51,3,3,queue,14199569,34532695.60485876
51,3,3,storage,321602,972446.6220000001
51,3,3,timer,688869,1122647.8795714285
52,3,4,event,11828133,3614027.7919999994
52,3,4,http,7585651,2731050.922999999
52,3,4,orchestration,388002,566507.9400000001
52,3,4,others,65066,53953.81699999998
52,3,4,queue,13720574,36064070.751521684
52,3,4,storage,303459,458370.0970000001
52,3,4,timer,694208,1127159.1555714286
53,3,5,event,12787730,3420453.576000001
53,3,5,http,7748128,2883957.603
53,3,5,orchestration,321965,556648.0489999999
53,3,5,others,62448,19057.558
53,3,5,queue,13526068,32481630.989935275
53,3,5,storage,285034,692335.8589999999
53,3,5,timer,686749,1102302.2575714285
54,3,6,event,12435073,2970018.306
54,3,6,http,8073359,3085757.2460000003
54,3,6,orchestration,325575,522587.2479999999
54,3,6,others,77570,52190.992999999995
54,3,6,queue,14108496,30332045.61262482
54,3,6,storage,273905,321252.7459999999
54,3,6,timer,692749,1143588.3605714284
55,3,7,event,12447354,3102744.9340000004
55,3,7,http,8485781,2862939.1140000005
55,3,7,orchestration,312707,610519.7470000001
55,3,7,others,60898,22061.423000000003
55,3,7,queue,14458283,29012118.00002627
55,3,7,storage,302073,322098.35099999997
55,3,7,timer,689125,1114721.2005714285
56,3,8,event,12805474,3741765.3259999994
56,3,8,http,8373435,3054095.0929999985
56,3,8,orchestration,660864,661144.9410000002
56,3,8,others,98435,43484.15099999998
56,3,8,queue,14342707,29419763.273640934
56,3,8,storage,300316,268453.67200000014
56,3,8,timer,696766,1123026.5495714284
57,3,9,event,12932362,3538096.194000001
57,3,9,http,8658819,2838157.472
57,3,9,orchestration,739337,668744.817
57,3,9,others,61979,18111.842000000004
57,3,9,queue,15050643,31698488.00038524
57,3,9,storage,298755,307484.76399999997
57,3,9,timer,691937,1104599.8825714288
58,3,10,event,12597437,3387255.2510000006
58,3,10,http,8554453,2769805.7729999996
58,3,10,orchestration,902996,690667.796
58,3,10,others,60390,83857.30900000001
58,3,10,queue,14920172,30307953.53305921
58,3,10,storage,293433,335581.66500000004
58,3,10,timer,691270,1110616.9865714284
59,3,11,event,12658795,3097344.4700000007
59,3,11,http,8785776,3062867.2240000013
59,3,11,orchestration,747713,641054.031
59,3,11,others,55644,17191.888000000003
59,3,11,queue,15412684,26477663.929736167
59,3,11,storage,332030,362304.94999999995
59,3,11,timer,684583,1096538.6175714287
60,3,12,event,12709972,3273305.6759999995
60,3,12,http,9537534,3903685.4139999994
60,3,12,orchestration,728728,869964.6120000002
60,3,12,others,35066,20198.996000000003
60,3,12,queue,15025990,22293633.222329784
60,3,12,storage,323164,314690.83400000003
60,3,12,timer,707523,1148224.5305714284
61,3,13,event,13194906,3786940.4049999993
61,3,13,http,9768733,3688759.3370000003
61,3,13,orchestration,451219,907163.5659999999
61,3,13,others,36809,14179.524000000001
61,3,13,queue,16447471,22105097.319395714
61,3,13,storage,318930,408677.24000000005
61,3,13,timer,684800,1102351.6917857141
62,3,14,event,12944246,3305621.556000001
62,3,14,http,9945510,3662640.976999999
62,3,14,orchestration,405866,1055930.377
62,3,14,others,32547,13301.981
62,3,14,queue,16785823,26333969.028
62,3,14,storage,304248,381541.9479999999
62,3,14,timer,686582,1116612.0
63,3,15,event,12884327,3553187.65
63,3,15,http,10175812,4142101.9149999996
63,3,15,orchestration,386994,776265.977
63,3,15,others,32727,8959.795999999998
63,3,15,queue,16664183,23781137.156
63,3,15,storage,292213,350708.05100000004
63,3,15,timer,688416,1104796.879
64,3,16,event,12288702,3700539.6700000004
64,3,16,http,9646947,3254342.7896000003
64,3,16,orchestration,420804,926045.8630000001
64,3,16,others,34016,6122.291
64,3,16,queue,16376506,25090205.52766017
64,3,16,storage,324397,334490.0129999999
64,3,16,timer,701001,1108041.1397857142
65,3,17,event,12416319,4771791.651
65,3,17,http,9603108,3176067.3725999994
65,3,17,orchestration,446898,1552672.3790000004
65,3,17,others,27217,1927.479
65,3,17,queue,17477966,36377057.671083234
65,3,17,storage,344676,373859.31999999995
65,3,17,timer,691872,1094749.2815714285
66,3,18,event,13090097,3348816.421
66,3,18,http,9217778,3311388.826800002
66,3,18,orchestration,476439,2327782.2320000003
66,3,18,others,25694,246.232
66,3,18,queue,21399748,79837681.78024648
66,3,18,storage,363467,421042.37700000004
66,3,18,timer,690672,1126798.8565714285
67,3,19,event,12741819,4896367.179
67,3,19,http,9199812,3340872.918999999
67,3,19,orchestration,437590,2030609.5120000006
67,3,19,others,25112,48.375
67,3,19,queue,17014643,28167378.339870468
67,3,19,storage,374239,404294.925
67,3,19,timer,687457,1106762.5585714285
68,3,20,event,12320950,4452215.256999998
68,3,20,http,9323385,3297802.1899999985
68,3,20,orchestration,508282,1633746.9160000002
68,3,20,others,22124,322.26399999999995
68,3,20,queue,16906816,26703029.969648484
68,3,20,storage,329468,390692.0640000001
68,3,20,timer,697621,1116492.5575714286
69,3,21,event,11404843,3202093.491
69,3,21,http,9270960,4057212.9149999996
69,3,21,orchestration,404862,1335155.0890000002
69,3,21,others,24179,1017.032
69,3,21,queue,16739000,26885615.602651097
69,3,21,storage,327116,438565.77200000006
69,3,21,timer,690675,1107198.2335714283
70,3,22,event,11013323,2609298.3540000007
70,3,22,http,8878719,3548755.2569999998
70,3,22,orchestration,388896,1230536.9899999995
70,3,22,others,23346,570.02
70,3,22,queue,16839073,30816539.283300795
70,3,22,storage,311888,575459.5369999999
70,3,22,timer,685221,1103608.9495714286
71,3,23,event,10992559,3252287.138
71,3,23,http,8606430,4070802.7400000026
71,3,23,orchestration,357382,1035627.092
71,3,23,others,23891,3040.2100000000005
71,3,23,queue,16320377,23578009.852709085
71,3,23,storage,282915,551731.348
71,3,23,timer,686352,1100769.0903571427
72,4,0,event,11422448,3359105.2560000005
72,4,0,http,8651194,4819860.947000001
72,4,0,orchestration,387499,1086978.419
72,4,0,others,35763,16158.175
72,4,0,queue,16088895,19385866.692999985
72,4,0,storage,263914,394085.8790000001
72,4,0,timer,716973,1179926.101
73,4,1,event,11208614,2516947.120000001
73,4,1,http,8771670,5089474.294000001
73,4,1,orchestration,348264,690440.3310000001
73,4,1,others,31156,10298.788000000002
73,4,1,queue,16736293,29489434.10599999
73,4,1,storage,327267,504669.785
73,4,1,timer,685826,1123593.485
74,4,2,event,11273513,2509606.1099999994
74,4,2,http,8446431,4730679.954
74,4,2,orchestration,367968,622104.5930000001
74,4,2,others,32301,13021.957
74,4,2,queue,15586176,30730393.900000002
74,4,2,storage,289581,444747.064
74,4,2,timer,688113,1131677.907
75,4,3,event,11356622,2443686.4310000003
75,4,3,http,8211257,4485508.075999999
75,4,3,orchestration,368778,585144.765
75,4,3,others,28363,8542.553000000002
75,4,3,queue,15456896,27007583.959999993
75,4,3,storage,272041,409288.69499999995
75,4,3,timer,691238,1117532.477
76,4,4,event,11684602,2714904.379
76,4,4,http,8259168,4488329.374999998
76,4,4,orchestration,376895,1851717.7070000006
76,4,4,others,35117,16908.687999999995
76,4,4,queue,14812692,24996888.74899999
76,4,4,storage,270493,412033.844
76,4,4,timer,695596,1125661.2019999996
77,4,5,event,12758663,2411407.905
77,4,5,http,8371776,4520736.4569999995
77,4,5,orchestration,343648,585581.712
77,4,5,others,34797,4921.151000000001
77,4,5,queue,15038397,26349590.057
77,4,5,storage,254466,370436.01
77,4,5,timer,687528,1114435.0969999998
78,4,6,event,12232499,4014062.9179999996
78,4,6,http,9197497,5349284.985000001
78,4,6,orchestration,548264,564945.308
78,4,6,others,50476,27651.069
78,4,6,queue,15693477,21712488.558
78,4,6,storage,236999,379911.66799999995
78,4,6,timer,696966,1155141.8199999998
79,4,7,event,12382295,3569556.7739999997
79,4,7,http,9767663,5927618.001
79,4,7,orchestration,867975,655740.6780000002
79,4,7,others,32889,5350.843000000001
79,4,7,queue,16281314,21015253.454
79,4,7,storage,279204,393025.4329999998
79,4,7,timer,695522,1124916.5839999998
80,4,8,event,12563247,4552111.274
80,4,8,http,9791644,6417407.200000001
80,4,8,orchestration,987382,694348.847
80,4,8,others,29292,24427.596
80,4,8,queue,16427208,20760447.33599999
80,4,8,storage,307879,367078.94600000005
80,4,8,timer,702848,1128338.5559999999
81,4,9,event,12721750,4101909.9949999987
81,4,9,http,9574153,9837714.451000005
81,4,9,orchestration,912290,853593.449
81,4,9,others,27792,3258.6029999999996
81,4,9,queue,16287661,21940786.507999994
81,4,9,storage,248457,255646.30900000004
81,4,9,timer,698562,1115231.413
82,4,10,event,12065223,3626027.4050000003
82,4,10,http,9320051,5771942.609000002
82,4,10,orchestration,557083,851675.146
82,4,10,others,28442,13900.339999999997
82,4,10,queue,16314743,27471659.526000004
82,4,10,storage,240014,223499.59300000005
82,4,10,timer,698686,1118756.415
83,4,11,event,12170109,5033427.67
83,4,11,http,10001539,6415498.982000003
83,4,11,orchestration,379761,813528.7119999999
83,4,11,others,29851,2964.232
83,4,11,queue,16749661,25805832.661000006
83,4,11,storage,319233,978460.6959999999
83,4,11,timer,687972,1119936.529
84,4,12,event,12544254,5782289.48
84,4,12,http,10051585,8084182.353999996
84,4,12,orchestration,437418,879822.4880000001
84,4,12,others,25723,2129.886
84,4,12,queue,17490327,21818759.716000002
84,4,12,storage,308364,755513.667
84,4,12,timer,710476,1162357.6249999998
85,4,13,event,13067821,4866629.862
85,4,13,http,10525688,7163989.025
85,4,13,orchestration,421494,844277.0550000002
85,4,13,others,28730,1918.8029999999999
85,4,13,queue,18145479,22248315.795000006
85,4,13,storage,334016,870320.24
85,4,13,timer,687412,1118519.2689999999
86,4,14,event,13899358,4862793.293
86,4,14,http,9876602,3829907.2499999995
86,4,14,orchestration,403431,898472.3500000001
86,4,14,others,25599,2233.1890000000003
86,4,14,queue,17704691,25302718.906999998
86,4,14,storage,360884,682353.154
86,4,14,timer,681760,1128199.1249999998
87,4,15,event,13139195,5145894.329
87,4,15,http,9667615,3244626.957000001
87,4,15,orchestration,424980,973255.484
87,4,15,others,23998,2322.741
87,4,15,queue,17307403,24059425.959
87,4,15,storage,273277,305086.28299999994
87,4,15,timer,692859,1132229.2889999999
88,4,16,event,12461898,5366544.926000001
88,4,16,http,9780891,3461401.9949999987
88,4,16,orchestration,436408,917596.7640000001
88,4,16,others,23801,2049.473
88,4,16,queue,16915952,24792809.613999996
88,4,16,storage,291334,276715.28299999994
88,4,16,timer,708384,1127450.988
89,4,17,event,13350055,8785629.150999999
89,4,17,http,9461024,3183343.3350000004
89,4,17,orchestration,421654,836913.2170000001
89,4,17,others,25318,1916.3809999999996
89,4,17,queue,17253302,24543612.246999998
89,4,17,storage,280888,314850.2270000001
89,4,17,timer,705598,1115652.136
90,4,18,event,13680816,6531242.443000002
90,4,18,http,9439566,3065171.7830000003
90,4,18,orchestration,441583,820253.8539999999
90,4,18,others,23852,374.157
90,4,18,queue,16961039,22352208.843
90,4,18,storage,291896,370996.4870000001
90,4,18,timer,706617,1145215.8350000002
91,4,19,event,12684129,6756930.345000001
91,4,19,http,9369570,3471488.2679999997
91,4,19,orchestration,411191,835440.8720000001
91,4,19,others,23560,153.54500000000002
91,4,19,queue,16798404,20620671.343
91,4,19,storage,278433,350728.82699999993
91,4,19,timer,701713,1128136.4489999998
92,4,20,event,12594443,6742404.252000002
92,4,20,http,9542284,5611686.282999997
92,4,20,orchestration,408039,836838.719
92,4,20,others,23438,80.08900000000001
92,4,20,queue,15872665,19833898.226
92,4,20,storage,282200,347740.182
92,4,20,timer,712254,1140812.104
93,4,21,event,11656569,5061918.789
93,4,21,http,9278075,4491164.414000001
93,4,21,orchestration,421749,1027349.7040000003
93,4,21,others,22241,87.36900000000001
93,4,21,queue,14837656,18574349.316
93,4,21,storage,279685,297225.663
93,4,21,timer,707077,1120774.224
94,4,22,event,11398810,5073165.6910000015
94,4,22,http,8601572,4472604.710999999
94,4,22,orchestration,462186,1021750.868
94,4,22,others,26209,4162.188000000001
94,4,22,queue,15417754,20058333.801
94,4,22,storage,314987,295399.88499999995
94,4,22,timer,701877,1140601.0999999999
95,4,23,event,11537861,4916147.779000002
95,4,23,http,8186559,4162626.5960000004
95,4,23,orchestration,488265,756188.2150000001
95,4,23,others,50947,26641.785999999996
95,4,23,queue,13910082,18525540.873999998
95,4,23,storage,295588,327601.052
95,4,23,timer,702041,1145848.6
96,5,0,event,11842154,3858184.931
96,5,0,http,8128316,4339893.556
96,5,0,orchestration,532738,794700.304
96,5,0,others,60347,49831.62599999999
96,5,0,queue,13509131,16849051.656
96,5,0,storage,277835,262592.617
96,5,0,timer,723959,1175979.6396666667
97,5,1,event,11775457,3652864.873
97,5,1,http,7810208,3548403.202
97,5,1,orchestration,511203,646479.119
97,5,1,others,53738,48392.776999999995
97,5,1,queue,12787375,21265756.440999996
97,5,1,storage,323961,299465.0553214286
97,5,1,timer,693453,1123043.0906666669
98,5,2,event,11869671,2460822.197
98,5,2,http,7402069,3200652.5649999995
98,5,2,orchestration,460104,519973.8830000001
98,5,2,others,55698,47583.406999999985
98,5,2,queue,13388449,29069290.00800001
98,5,2,storage,293763,258735.54799999998
98,5,2,timer,693987,1131595.8256666667
99,5,3,event,11551076,3900115.8220000006
99,5,3,http,7256658,3058840.307
99,5,3,orchestration,482893,556977.0049999998
99,5,3,others,57719,48774.619
99,5,3,queue,13215594,25935393.438000005
99,5,3,storage,293817,412264.8200000001
99,5,3,timer,697359,1117658.152666667
100,5,4,event,11210219,3949490.1240000003
100,5,4,http,7559932,3273739.9580000006
100,5,4,orchestration,515509,538041.292
100,5,4,others,58737,48971.511999999995
100,5,4,queue,12833413,25694927.635000005
100,5,4,storage,300223,421154.574
100,5,4,timer,701370,1120161.0296666669
101,5,5,event,12564844,3503844.7320000003
101,5,5,http,7850517,3761385.1280000005
101,5,5,orchestration,500014,534614.1710000001
101,5,5,others,69816,46844.90499999999
101,5,5,queue,14659486,27371411.576
101,5,5,storage,276916,307686.29400000005
101,5,5,timer,696388,1118117.439666667
102,5,6,event,12091572,3822781.6989999996
102,5,6,http,8920764,9525461.251999998
102,5,6,orchestration,647919,524073.6289999999
102,5,6,others,93999,49826.302
102,5,6,queue,15476725,27026673.464000005
102,5,6,storage,270549,258142.66800000006
102,5,6,timer,700313,1150933.2616666667
103,5,7,event,12424113,3859774.0209999993
103,5,7,http,9222539,7279620.904999998
103,5,7,orchestration,811115,605699.727
103,5,7,others,167011,81896.53699999998
103,5,7,queue,16015163,23409726.196999997
103,5,7,storage,296932,261576.25699999998
103,5,7,timer,696917,1112161.1656666668
104,5,8,event,12610468,3004227.9329999997
104,5,8,http,8915447,8713744.775999995
104,5,8,orchestration,1006355,627862.2579999999
104,5,8,others,75833,64278.09399999998
104,5,8,queue,16103583,20835228.057
104,5,8,storage,296410,251208.48799999998
104,5,8,timer,704745,1124793.2706666673
105,5,9,event,12574640,3019819.205
105,5,9,http,8917105,7116099.784937503
105,5,9,orchestration,1113759,707805.203
105,5,9,others,119462,66427.98000000001
105,5,9,queue,16125259,20892003.81699999
105,5,9,storage,312844,279128.03699999995
105,5,9,timer,701770,1121218.8206666668
106,5,10,event,12553965,3704544.838
106,5,10,http,8953527,6415099.195812502
106,5,10,orchestration,1126859,698223.659
106,5,10,others,227178,124694.80299999997
106,5,10,queue,16461204,21020634.241999995
106,5,10,storage,284918,261881.46499999997
106,5,10,timer,701779,1130302.9286666666
107,5,11,event,12275997,3765384.2959999996
107,5,11,http,9323840,5614786.015624999
107,5,11,orchestration,1106734,770106.2900000002
107,5,11,others,56974,40578.75
107,5,11,queue,16902607,18702939.219999995
107,5,11,storage,283167,281907.362
107,5,11,timer,694614,1117783.6076666666
108,5,12,event,12573906,3619849.211
108,5,12,http,9339005,4682515.054000001
108,5,12,orchestration,966017,732583.1179999999
108,5,12,others,83167,56871.49300000002
108,5,12,queue,17214537,23987339.753999997
108,5,12,storage,299194,296974.363
108,5,12,timer,712991,1157844.314666667
109,5,13,event,12898543,4640511.064999998
109,5,13,http,9904955,7653234.8458124995
109,5,13,orchestration,598613,828779.4920000001
109,5,13,others,72626,50014.65199999999
109,5,13,queue,18364905,31296268.655999992
109,5,13,storage,347142,349026.5949999999
109,5,13,timer,695049,1121567.5656666667
110,5,14,event,13060267,5308139.023999999
110,5,14,http,9770824,7693779.588999994
110,5,14,orchestration,534651,726349.116
110,5,14,others,349094,198781.29699999996
110,5,14,queue,17275394,32817468.806999996
110,5,14,storage,314030,333569.07396428584
110,5,14,timer,695847,1141616.388666667
111,5,15,event,12796577,5393315.97
111,5,15,http,10040075,6055476.541
111,5,15,orchestration,596805,758116.082
111,5,15,others,206342,103478.20499999997
111,5,15,queue,16786896,33276722.916999996
111,5,15,storage,296422,286528.6536428571
111,5,15,timer,698092,1129335.4923333335
112,5,16,event,12378671,5002255.233999999
112,5,16,http,9346151,3550545.0020000003
112,5,16,orchestration,575683,807390.8910000001
112,5,16,others,136341,68502.788
112,5,16,queue,17154730,31642111.482
112,5,16,storage,293538,311361.01700000005
112,5,16,timer,709404,1142908.4016666668
113,5,17,event,12061264,5630231.807000001
113,5,17,http,9364107,5218283.625000003
113,5,17,orchestration,536243,773344.053
113,5,17,others,101595,47866.993
113,5,17,queue,16798110,33059206.511999987
113,5,17,storage,309065,345041.86399999994
113,5,17,timer,702121,1136695.0636666666
114,5,18,event,12474561,3539256.9740000004
114,5,18,http,9035138,4266529.2348125
114,5,18,orchestration,528079,712160.0259999997
114,5,18,others,221154,112905.018
114,5,18,queue,17232955,34958188.094000004
114,5,18,storage,301199,318348.26189285715
114,5,18,timer,699237,1154177.5226666667
115,5,19,event,12394712,4868717.127000001
115,5,19,http,9153547,3412608.275
115,5,19,orchestration,545146,673123.315
115,5,19,others,209893,108206.151
115,5,19,queue,16508282,32507286.221
115,5,19,storage,247182,286260.20889285713
115,5,19,timer,693951,1116403.3056666667
116,5,20,event,11441869,4624927.869999999
116,5,20,http,8809137,3410907.164999999
116,5,20,orchestration,507398,741319.803
116,5,20,others,80958,34779.355
116,5,20,queue,16133942,30571777.571999997
116,5,20,storage,258791,268602.1982857143
116,5,20,timer,704150,1130737.9926666669
117,5,21,event,10835560,3059980.298
117,5,21,http,8561472,3937719.520545455
117,5,21,orchestration,492163,796720.1329999999
117,5,21,others,25481,1060.328
117,5,21,queue,16728575,32003391.699999996
117,5,21,storage,261291,250535.7893214286
117,5,21,timer,699060,1114592.5916666666
118,5,22,event,9822115,3102058.419
118,5,22,http,7949597,3372081.957454546
118,5,22,orchestration,464237,839102.5449999999
118,5,22,others,42324,14562.212
118,5,22,queue,15641187,30546488.91
118,5,22,storage,266423,246009.78700000007
118,5,22,timer,693489,1108977.4756666666
119,5,23,event,9648674,3389910.806
119,5,23,http,7498723,3307838.832000001
119,5,23,orchestration,481533,799166.412
119,5,23,others,65781,41642.99200000001
119,5,23,queue,14771125,29916139.477
119,5,23,storage,240840,224434.43200000003
119,5,23,timer,692834,1113706.3536666664
120,6,0,event,10008594,4909673.612
120,6,0,http,7539528,2689102.645999999
120,6,0,orchestration,495558,847536.9899999999
120,6,0,others,24398,1851.9110000000005
120,6,0,queue,13811304,30342224.13399999
120,6,0,storage,232421,250041.68599999996
120,6,0,timer,695676,1136839.285
121,6,1,event,10032061,4494940.453000001
121,6,1,http,7589455,2588172.641999998
121,6,1,orchestration,432166,647489.0169999999
121,6,1,others,31790,1773.1080000000002
121,6,1,queue,14451336,34406558.74199999
121,6,1,storage,253904,246038.728
121,6,1,timer,665466,1084297.605
122,6,2,event,9840599,2464284.2770000002
122,6,2,http,7345253,2527223.7700000005
122,6,2,orchestration,442841,594942.719
122,6,2,others,21148,1558.3250000000003
122,6,2,queue,15056526,35925409.426999986
122,6,2,storage,238231,294062.97400000005
122,6,2,timer,665217,1093113.099
123,6,3,event,9380435,2688817.979999999
123,6,3,http,7147858,2344811.786999999
123,6,3,orchestration,445810,583201.6089999999
123,6,3,others,18408,177.13399999999996
123,6,3,queue,16664578,36436594.54400001
123,6,3,storage,249665,487567.711
123,6,3,timer,672264,1076357.752
124,6,4,event,9424324,3255476.1649999996
124,6,4,http,7198781,2309808.707
124,6,4,orchestration,481160,584858.9800000002
124,6,4,others,25374,200.879
124,6,4,queue,16579644,25526913.828000005
124,6,4,storage,231869,356514.0509999999
124,6,4,timer,673235,1076944.1709999999
125,6,5,event,9507933,2583853.604
125,6,5,http,7513570,2507747.6009999993
125,6,5,orchestration,385753,528334.8529999999
125,6,5,others,28998,136.98499999999999
125,6,5,queue,16511975,24876325.494000003
125,6,5,storage,229848,390040.92100000003
125,6,5,timer,666102,1074005.4149999998
126,6,6,event,9575508,2112990.621
126,6,6,http,7824437,2845048.1449999986
126,6,6,orchestration,680348,524827.485
126,6,6,others,49179,126.195
126,6,6,queue,17229208,24204131.91400001
126,6,6,storage,209060,262266.419
126,6,6,timer,670667,1101769.9649999999
127,6,7,event,9460829,2530436.3669999996
127,6,7,http,8050538,2856225.1760000004
127,6,7,orchestration,908291,594042.991
127,6,7,others,21526,88.04399999999998
127,6,7,queue,17983097,22193168.058000002
127,6,7,storage,203306,224065.019
127,6,7,timer,665653,1065796.664
128,6,8,event,9946400,2278131.032
128,6,8,http,7684854,2747599.8659999995
128,6,8,orchestration,888137,605598.535
128,6,8,others,15742,127.348
128,6,8,queue,17741408,22036228.881
128,6,8,storage,192536,222014.81200000003
128,6,8,timer,673563,1070511.1419999998
129,6,9,event,10023281,2641763.9820000003
129,6,9,http,7672394,2923842.673
129,6,9,orchestration,988410,631640.116
129,6,9,others,15628,89.85799999999999
129,6,9,queue,16945162,21928132.328
129,6,9,storage,195473,223869.635
129,6,9,timer,668970,1066397.656
130,6,10,event,9832062,2685762.1879999996
130,6,10,http,7845837,2818714.7440000004
130,6,10,orchestration,1139648,606277.6249999998
130,6,10,others,16239,115.08200000000001
130,6,10,queue,16953345,21960964.224
130,6,10,storage,208619,226760.465
130,6,10,timer,669428,1066370.0259999996
131,6,11,event,10147660,2278759.5250000004
131,6,11,http,8318761,3141855.3209999986
131,6,11,orchestration,865954,577845.156
131,6,11,others,14593,99.68499999999999
131,6,11,queue,16765792,21474747.094000008
131,6,11,storage,187989,208612.812
131,6,11,timer,664601,1071384.0450000002
132,6,12,event,10852652,3326373.277
132,6,12,http,7927848,2789536.752
132,6,12,orchestration,584766,573762.3649999999
132,6,12,others,18401,116.753
132,6,12,queue,16742659,21258230.243000004
132,6,12,storage,198774,225302.27600000004
132,6,12,timer,682430,1096272.612
133,6,13,event,11622432,3449716.9420000003
133,6,13,http,7956847,2880997.2699999986
133,6,13,orchestration,502395,551278.933
133,6,13,others,17112,95.18799999999999
133,6,13,queue,18312390,22706871.753000002
133,6,13,storage,210115,218909.90399999998
133,6,13,timer,664752,1061448.0980000005
134,6,14,event,11016349,2668214.7840000005
134,6,14,http,7860188,2864518.9059999995
134,6,14,orchestration,522314,603392.3870000001
134,6,14,others,17787,108.08399999999999
134,6,14,queue,18409649,22257345.205000002
134,6,14,storage,219558,215263.57499999998
134,6,14,timer,665473,1064713.3389999997
135,6,15,event,10414630,2978156.767
135,6,15,http,7771337,2779080.9939999995
135,6,15,orchestration,558028,647275.76
135,6,15,others,18023,93.365
135,6,15,queue,15087503,17227485.437999997
135,6,15,storage,209225,246962.33000000002
135,6,15,timer,668501,1061124.864
136,6,16,event,10273746,2824568.475
136,6,16,http,8035857,2975219.5730000013
136,6,16,orchestration,520012,667885.455
136,6,16,others,18304,96.66599999999998
136,6,16,queue,13530886,16284476.907999998
136,6,16,storage,241689,221181.495
136,6,16,timer,680066,1079250.6889999998
137,6,17,event,10678548,4913406.913000002
137,6,17,http,7891477,2991165.031075472
137,6,17,orchestration,492181,610394.9420000002
137,6,17,others,20228,35.936
137,6,17,queue,13012249,14619254.166000003
137,6,17,storage,229841,221709.575
137,6,17,timer,672885,1059422.4740000002
138,6,18,event,11437779,2177527.943
138,6,18,http,7683958,3009946.559867924
138,6,18,orchestration,511287,624171.0789999998
138,6,18,others,19173,49.749
138,6,18,queue,13376870,16190665.862000002
138,6,18,storage,235283,220944.658
138,6,18,timer,673257,1088602.7439999997
139,6,19,event,10399535,2995107.9060000004
139,6,19,http,7578669,2823909.6305283024
139,6,19,orchestration,474579,634993.2829999998
139,6,19,others,16792,35.01500000000001
139,6,19,queue,13552164,14997807.201999998
139,6,19,storage,239168,249641.82299999997
139,6,19,timer,664382,1069729.8500000003
140,6,20,event,10246066,2933144.801
140,6,20,http,7512007,3004121.910754715
140,6,20,orchestration,474358,694123.3289999999
140,6,20,others,17165,68.44500000000002
140,6,20,queue,12803126,16261763.946
140,6,20,storage,244446,254615.60000000003
140,6,20,timer,678194,1088484.2430000002
141,6,21,event,9961163,2171721.398
141,6,21,http,7594763,3481875.0822452824
141,6,21,orchestration,454283,703350.7369999998
141,6,21,others,16617,171.255
141,6,21,queue,13529561,14304081.297000004
141,6,21,storage,225884,206680.60299999997
141,6,21,timer,667686,1076043.5540000005
142,6,22,event,9914171,2723548.8170000003
142,6,22,http,7344357,3458975.842358489
142,6,22,orchestration,428008,832376.6349999997
142,6,22,others,16507,166.14899999999997
142,6,22,queue,12672661,14878464.998999998
142,6,22,storage,217407,229895.052
142,6,22,timer,662631,1067750.3449999997
143,6,23,event,10017593,2196916.104
143,6,23,http,7152662,3253595.829169811
143,6,23,orchestration,443536,798363.1140000001
143,6,23,others,19118,398.8260000000001
143,6,23,queue,12416745,14979369.646
143,6,23,storage,224958,218301.217
143,6,23,timer,662264,1066473.253
144,7,0,event,10198408,2381869.053000001
144,7,0,http,7225394,3269948.2520000017
144,7,0,orchestration,491737,738204.476
144,7,0,others,17018,4897.925
144,7,0,queue,12828120,16863875.355000004
144,7,0,storage,203801,228852.08500000005
144,7,0,timer,693059,1142805.9470000002
145,7,1,event,9707308,1960344.711
145,7,1,http,7331623,3206460.2710000006
145,7,1,orchestration,434218,601336.882
145,7,1,others,17475,4884.599
145,7,1,queue,14530818,22022450.295000017
145,7,1,storage,222816,408746.963
145,7,1,timer,662818,1082478.1700000002
146,7,2,event,9864276,1607576.5059999998
146,7,2,http,7011734,3194772.662000002
146,7,2,orchestration,410604,548501.5800000002
146,7,2,others,19943,4897.023999999999
146,7,2,queue,15236862,24581367.104000006
146,7,2,storage,213676,264842.505
146,7,2,timer,662676,1094583.3450000004
147,7,3,event,10001257,2928234.734
147,7,3,http,6884969,3295840.728000001
147,7,3,orchestration,444051,593197.0120000002
147,7,3,others,16694,4876.903
147,7,3,queue,18933616,28747092.4
147,7,3,storage,210384,241798.21600000001
147,7,3,timer,665661,1080133.093
148,7,4,event,9486993,4334407.159000001
148,7,4,http,6924718,3426755.2619999996
148,7,4,orchestration,458131,577190.4100000001
148,7,4,others,21324,5024.639999999999
148,7,4,queue,16042148,25758353.025999997
148,7,4,storage,238783,255526.20199999996
148,7,4,timer,670258,1077077.7900000005
149,7,5,event,10603031,3346528.185
149,7,5,http,7004462,3515890.1850000005
149,7,5,orchestration,405844,549535.462
149,7,5,others,27251,4738.938
149,7,5,queue,16165296,26637589.106999993
149,7,5,storage,211076,426748.559
149,7,5,timer,663222,1076725.5900000003
150,7,6,event,10226545,3849685.7879999997
150,7,6,http,7262284,3777503.614
150,7,6,orchestration,512907,561900.692
150,7,6,others,36751,4611.700000000001
150,7,6,queue,15807364,24061022.81500001
150,7,6,storage,225524,260706.825
150,7,6,timer,667553,1114963.6320000002
151,7,7,event,10298216,3555243.3449999997
151,7,7,http,7642483,3382471.7240000027
151,7,7,orchestration,799702,602835.5909999999
151,7,7,others,40526,4601.667
151,7,7,queue,13960416,16892118.229999993
151,7,7,storage,186111,214892.629
151,7,7,timer,662744,1085826.02
152,7,8,event,10061820,2674387.4599999995
152,7,8,http,7524503,3642837.2070000004
152,7,8,orchestration,969118,631286.2170000004
152,7,8,others,20695,4894.073
152,7,8,queue,13758092,16778713.65399999
152,7,8,storage,181168,215333.077
152,7,8,timer,671608,1086400.996
153,7,9,event,9577022,2634486.5640000002
153,7,9,http,7613366,3813726.026
153,7,9,orchestration,945856,626861.1910000003
153,7,9,others,14252,1018.709
153,7,9,queue,13597010,17516569.328
153,7,9,storage,190178,226468.56899999996
153,7,9,timer,666972,1080814.197
154,7,10,event,9634777,2930635.968
154,7,10,http,7667951,3755320.2150000003
154,7,10,orchestration,1036130,616445.59
154,7,10,others,13121,135.745
154,7,10,queue,13637338,16282928.934000002
154,7,10,storage,205224,216182.816
154,7,10,timer,667666,1089154.135
155,7,11,event,9737004,1551324.43
155,7,11,http,7697055,3904843.384000001
155,7,11,orchestration,645423,712757.3850000001
155,7,11,others,13890,88.04899999999999
155,7,11,queue,13535873,15132826.525000004
155,7,11,storage,217569,257172.87
155,7,11,timer,662317,1070983.2989999999
156,7,12,event,9849231,1717596.988
156,7,12,http,7791347,3807824.2290000003
156,7,12,orchestration,556086,654223.131
156,7,12,others,14871,339.822
156,7,12,queue,13577650,15256427.514000004
156,7,12,storage,231127,237549.623
156,7,12,timer,679749,1104086.1270000006
157,7,13,event,10195433,2882211.933000001
157,7,13,http,7940423,3792409.1880000015
157,7,13,orchestration,524498,628586.074
157,7,13,others,15218,369.381
157,7,13,queue,15906301,17286866.256
157,7,13,storage,214894,199259.88900000002
157,7,13,timer,662058,1067917.058
158,7,14,event,9951371,3065066.164
158,7,14,http,7946915,3828710.13
158,7,14,orchestration,538272,648158.4049999999
158,7,14,others,15009,360.657
158,7,14,queue,20136124,23212474.33800001
158,7,14,storage,201008,226637.419
158,7,14,timer,663213,1078356.7470000002
159,7,15,event,10368088,2579108.158
159,7,15,http,7990096,3812201.5440000016
159,7,15,orchestration,541433,683547.8170000002
159,7,15,others,15476,159.22700000000003
159,7,15,queue,17577639,19623716.046
159,7,15,storage,214515,234763.13800000004
159,7,15,timer,664033,1066414.1469999999
160,7,16,event,10067269,2628521.126
160,7,16,http,8159092,3830409.185000002
160,7,16,orchestration,530331,593605.374
160,7,16,others,15788,97.74300000000002
160,7,16,queue,14377134,16160913.964999998
160,7,16,storage,230762,243753.83599999998
160,7,16,timer,676913,1077951.4000000004
161,7,17,event,10174102,2353012.076
161,7,17,http,8221955,3749766.781000001
161,7,17,orchestration,502922,629648.9759999999
161,7,17,others,16467,76.03800000000001
161,7,17,queue,13732386,15455536.818
161,7,17,storage,241470,217533.757
161,7,17,timer,668659,1069181.833
162,7,18,event,10266020,1912016.0859999997
162,7,18,http,8122475,3721016.2630000007
162,7,18,orchestration,500324,592706.839
162,7,18,others,15990,90.66899999999998
162,7,18,queue,13081426,16319664.714000002
162,7,18,storage,261478,236009.95099999997
162,7,18,timer,666203,1089713.8660000004
163,7,19,event,10104464,1847666.9929999996
163,7,19,http,8050208,2334573.7160000005
163,7,19,orchestration,482829,566553.204
163,7,19,others,16048,64.05
163,7,19,queue,12730322,16160980.883
163,7,19,storage,245591,227268.58200000005
163,7,19,timer,661786,1063320.7629999998
164,7,20,event,10077235,2326036.674
164,7,20,http,7960875,2385847.9620000003
164,7,20,orchestration,492318,628599.344
164,7,20,others,17269,70.986
164,7,20,queue,12267234,14346006.417999994
164,7,20,storage,242554,222149.458
164,7,20,timer,673532,1080078.8369999998
165,7,21,event,10067049,1896946.7539999993
165,7,21,http,8038496,2976989.54
165,7,21,orchestration,478986,783504.2210000001
165,7,21,others,19196,41.60999999999999
165,7,21,queue,13503422,14423058.954999996
165,7,21,storage,253366,242840.92800000004
165,7,21,timer,664220,1064392.742
166,7,22,event,9815326,1917195.468
166,7,22,http,7660686,2507854.6240000003
166,7,22,orchestration,419764,757349.8609999999
166,7,22,others,112090,11857.912999999997
166,7,22,queue,12972032,14415695.658999998
166,7,22,storage,248481,244377.03000000003
166,7,22,timer,661482,1073029.7800000003
167,7,23,event,10050017,1766489.6040000005
167,7,23,http,7415089,2344604.0700000017
167,7,23,orchestration,478528,757214.0700000001
167,7,23,others,33426,5626.352000000001
167,7,23,queue,12145288,15389162.746000001
167,7,23,storage,244130,235876.831
167,7,23,timer,661032,1087097.031
168,8,0,event,10226752,2820420.225999999
168,8,0,http,7533121,2919897.4199999985
168,8,0,orchestration,524088,767909.613
168,8,0,others,22846,9172.725
168,8,0,queue,11390195,14715558.104000004
168,8,0,storage,241467,252175.76299999998
168,8,0,timer,690730,1192642.8159999999
169,8,1,event,9705575,2984794.793
169,8,1,http,7594634,2910536.125
169,8,1,orchestration,429126,564874.7520000001
169,8,1,others,22124,7146.044
169,8,1,queue,11253561,19571154.632
169,8,1,storage,272491,382681.118
169,8,1,timer,660070,1132945.0620000002
170,8,2,event,9908202,3320495.688
170,8,2,http,7457876,2929220.9160000007
170,8,2,orchestration,454337,568195.8339999999
170,8,2,others,99567,4371.6089999999995
170,8,2,queue,12001901,23616750.207999997
170,8,2,storage,311301,438566.458
170,8,2,timer,660850,1140336.9240000003
171,8,3,event,10125893,3339323.579
171,8,3,http,7376302,2804198.6029999997
171,8,3,orchestration,441967,538724.825
171,8,3,others,60822,4239.865000000001
171,8,3,queue,11722963,20397187.13899999
171,8,3,storage,299315,435350.749
171,8,3,timer,665022,1126984.546
172,8,4,event,10184149,3488351.840999999
172,8,4,http,7422990,2937756.3069999996
172,8,4,orchestration,524619,612773.681
172,8,4,others,49836,4269.712
172,8,4,queue,11616294,17331232.586999997
172,8,4,storage,301136,456964.59400000004
172,8,4,timer,669376,1133299.6680000003
173,8,5,event,11440614,2260806.578
173,8,5,http,7688953,3365898.015999999
173,8,5,orchestration,492906,575817.3939999999
173,8,5,others,44944,4392.991
173,8,5,queue,11655215,16204451.996999996
173,8,5,storage,263425,416338.64200000005
173,8,5,timer,662437,1129681.8659999997
174,8,6,event,10916693,2096772.427
174,8,6,http,8323375,4081325.592
174,8,6,orchestration,658796,546059.3729999999
174,8,6,others,84872,4548.121
174,8,6,queue,13155523,16504785.951999996
174,8,6,storage,277673,354771.45600000006
174,8,6,timer,667444,1167250.198
175,8,7,event,10756747,1984647.9420000005
175,8,7,http,9035201,4314702.109000001
175,8,7,orchestration,962826,634884.331
175,8,7,others,56163,4311.7970000000005
175,8,7,queue,14327674,17377406.009999998
175,8,7,storage,296922,326360.977
175,8,7,timer,661541,1126764.086
176,8,8,event,10710795,2157267.15
176,8,8,http,8416138,3642870.8940000013
176,8,8,orchestration,856354,612274.8699999999
176,8,8,others,25875,4537.667000000001
176,8,8,queue,14156483,18057002.501
176,8,8,storage,291257,398229.448
176,8,8,timer,667014,1134563.2010000001
177,8,9,event,11040325,2200472.8320000004
177,8,9,http,8353130,3714658.0250000004
177,8,9,orchestration,526884,678264.7019999999
177,8,9,others,20563,4210.131
177,8,9,queue,14288087,17809234.904
177,8,9,storage,290718,470558.18400000007
177,8,9,timer,663680,1122244.064
178,8,10,event,10968627,3536101.4060000004
178,8,10,http,8395338,3677129.1799999997
178,8,10,orchestration,465695,620406.0390000001
178,8,10,others,20037,4871.890000000001
178,8,10,queue,15564354,18709161.521999996
178,8,10,storage,291923,548565.981
178,8,10,timer,663267,1130211.429
179,8,11,event,11637447,3578866.2560000005
179,8,11,http,8846066,3590969.991000002
179,8,11,orchestration,472322,648128.6949999998
179,8,11,others,22229,4543.612999999999
179,8,11,queue,15564102,17415868.03899999
179,8,11,storage,308031,457814.98700000014
179,8,11,timer,654250,1115219.9310000003
180,8,12,event,11747689,2678097.9680000003
180,8,12,http,9636420,3906895.5729999985
180,8,12,orchestration,540762,805664.749
180,8,12,others,28443,8582.952000000001
180,8,12,queue,15964577,17489198.104999997
180,8,12,storage,312911,804318.2300000001
180,8,12,timer,673756,1160446.0580000002
181,8,13,event,12325288,3111922.137
181,8,13,http,9620128,3508981.9990000003
181,8,13,orchestration,525448,743037.9419999998
181,8,13,others,24778,4840.632
181,8,13,queue,16678038,19521913.67699999
181,8,13,storage,313364,809674.8769999999
181,8,13,timer,658504,1120527.7340000002
182,8,14,event,12897040,3573255.4570000004
182,8,14,http,9840699,3862792.2719999985
182,8,14,orchestration,507887,746525.9109999997
182,8,14,others,23154,4063.6180000000004
182,8,14,queue,16953303,18976640.32999999
182,8,14,storage,327578,718314.1889999999
182,8,14,timer,656599,1135300.507
183,8,15,event,13107826,4043071.059000001
183,8,15,http,9401713,3554129.6829999997
183,8,15,orchestration,532863,736715.5819999998
183,8,15,others,23156,4346.4220000000005
183,8,15,queue,17609725,18508911.902999967
183,8,15,storage,321513,748014.071
183,8,15,timer,657921,1115412.8100000003
184,8,16,event,12081555,3376448.948
184,8,16,http,9251920,3374461.8509999993
184,8,16,orchestration,552752,849101.3559999999
184,8,16,others,21887,4131.441
184,8,16,queue,16560285,17924227.047
184,8,16,storage,292088,430399.712
184,8,16,timer,669398,1120887.766
185,8,17,event,11878806,4416662.165999999
185,8,17,http,9240516,3501309.2100000004
185,8,17,orchestration,514820,676054.33
185,8,17,others,22390,3947.733
185,8,17,queue,16861583,18948544.813999996
185,8,17,storage,299182,431569.48699999996
185,8,17,timer,661692,1098382.6040000003
186,8,18,event,12019957,3116566.2350000003
186,8,18,http,8701640,3179903.973
186,8,18,orchestration,532104,863851.441
186,8,18,others,21277,3753.5190000000002
186,8,18,queue,16942129,19121837.347999997
186,8,18,storage,295957,433866.39200000005
186,8,18,timer,661643,1127982.3239999998
187,8,19,event,11799210,3239255.1870000004
187,8,19,http,8810184,3171211.5549999992
187,8,19,orchestration,521201,715705.5869999998
187,8,19,others,30289,4732.822000000001
187,8,19,queue,15355092,17564643.547999986
187,8,19,storage,303478,419886.2120000001
187,8,19,timer,658111,1109386.014
188,8,20,event,11720742,4260340.936
188,8,20,http,8896250,3123378.968999997
188,8,20,orchestration,514008,795427.22
188,8,20,others,20855,624.348
188,8,20,queue,15027311,17544868.805999998
188,8,20,storage,310902,411777.805
188,8,20,timer,667810,1114837.9500000002
189,8,21,event,11113111,3126385.2879999992
189,8,21,http,8921081,4049745.1480000005
189,8,21,orchestration,472483,841730.0349999998
189,8,21,others,21560,2428.513
189,8,21,queue,15332096,17093149.856999997
189,8,21,storage,280984,369134.90199999994
189,8,21,timer,661088,1111949.798
190,8,22,event,10925999,2990083.333
190,8,22,http,8463162,3442140.173999999
190,8,22,orchestration,535012,935054.6429999999
190,8,22,others,21317,2735.0909999999994
190,8,22,queue,15097129,16250143.104999995
190,8,22,storage,321539,368761.147
190,8,22,timer,655643,1115624.085
191,8,23,event,11059520,2932134.963
191,8,23,http,8040299,3201001.9989999984
191,8,23,orchestration,374502,803858.2599999999
191,8,23,others,22987,1867.6230000000003
191,8,23,queue,13999932,16597740.761
191,8,23,storage,243418,329166.73400000005
191,8,23,timer,656145,1116026.68
192,9,0,event,11024631,2297907.741
192,9,0,http,8014690,3872579.1420000033
192,9,0,orchestration,416995,839401.7000000003
192,9,0,others,57344,13052.346000000003
192,9,0,queue,13109638,18627906.709
192,9,0,storage,247944,335263.029
192,9,0,timer,683471,1198274.8099999998
193,9,1,event,10771603,2136756.834
193,9,1,http,7758366,4142022.010000001
193,9,1,orchestration,353526,530492.029
193,9,1,others,68905,13690.247000000003
193,9,1,queue,12850676,21628076.784999996
193,9,1,storage,275175,349427.419
193,9,1,timer,652730,1138116.784
194,9,2,event,10588121,2133623.6669999994
194,9,2,http,7610018,3836501.907000002
194,9,2,orchestration,333262,474568.99999999994
194,9,2,others,60216,12824.793000000005
194,9,2,queue,12571922,25170486.348000012
194,9,2,storage,249395,372934.52800000005
194,9,2,timer,652110,1142936.74
195,9,3,event,10827615,2064454.2580000001
195,9,3,http,7507869,3764832.6889999993
195,9,3,orchestration,360745,470550.40599999996
195,9,3,others,22851,5239.359999999999
195,9,3,queue,11685300,20344253.550000004
195,9,3,storage,248678,423209.1589999999
195,9,3,timer,655243,1134415.2470000002
196,9,4,event,11440224,2371118.8
196,9,4,http,7507101,3868030.5931951217
196,9,4,orchestration,391148,557272.929
196,9,4,others,27318,10815.416000000003
196,9,4,queue,11796966,21147986.249000005
196,9,4,storage,282950,369506.69599999994
196,9,4,timer,661734,1140798.397
197,9,5,event,12580703,2231081.833
197,9,5,http,7733988,3682968.299330498
197,9,5,orchestration,329527,498535.8450000001
197,9,5,others,23810,5054.504
197,9,5,queue,11708847,19779033.631999988
197,9,5,storage,335911,624395.8099999999
197,9,5,timer,654130,1135725.476
198,9,6,event,11563765,2088927.188
198,9,6,http,8004166,3874782.7808476114
198,9,6,orchestration,546166,553733.4869999998
198,9,6,others,39286,8710.855000000001
198,9,6,queue,12050498,18056453.44400001
198,9,6,storage,434608,2441331.074
198,9,6,timer,658290,1161469.2470000002
199,9,7,event,11468028,2305923.4409999996
199,9,7,http,8464462,3735243.7407508893
199,9,7,orchestration,840926,570629.991
199,9,7,others,36279,5853.639000000001
199,9,7,queue,12906374,16043469.336000009
199,9,7,storage,358930,886529.0849999998
199,9,7,timer,655446,1131304.4959999998
200,9,8,event,10252885,2425433.5420000013
200,9,8,http,8546592,3489132.4093222576
200,9,8,orchestration,858964,570177.96
200,9,8,others,29827,7059.566000000001
200,9,8,queue,12233348,17242258.521000005
200,9,8,storage,312748,336448.66699999996
200,9,8,timer,666375,1156178.789
201,9,9,event,10698211,2073581.1630000004
201,9,9,http,8602200,3582132.378086521
201,9,9,orchestration,1017692,816785.4769999998
201,9,9,others,23723,5101.6990000000005
201,9,9,queue,12101933,18000623.239000004
201,9,9,storage,289688,321904.446
201,9,9,timer,670163,1136477.4139999999
202,9,10,event,11832311,2621269.3109999993
202,9,10,http,8551051,3465778.39899717
202,9,10,orchestration,998979,641430.842
202,9,10,others,23600,9130.445000000005
202,9,10,queue,13375648,18419084.508
202,9,10,storage,302137,272370.6330000001
202,9,10,timer,670785,1154369.1110000003
203,9,11,event,11136356,2439571.0700000003
203,9,11,http,8654172,3250452.247947195
203,9,11,orchestration,593567,694624.6369999999
203,9,11,others,24305,4222.422
203,9,11,queue,12646307,16394785.903999997
203,9,11,storage,323627,250186.888
203,9,11,timer,664418,1153983.0
204,9,12,event,11612500,2198171.5760000004
204,9,12,http,8915371,3299852.7751406673
204,9,12,orchestration,459135,663426.3849999999
204,9,12,others,34779,6869.629000000001
204,9,12,queue,14100594,17865733.665000007
204,9,12,storage,326290,260723.50600000005
204,9,12,timer,684545,1200385.4929999998
205,9,13,event,12208735,2348562.0670000003
205,9,13,http,9675056,3524499.108
205,9,13,orchestration,505971,1181188.6239999996
205,9,13,others,34841,4401.438000000001
205,9,13,queue,14820850,18239526.467
205,9,13,storage,350808,291247.367
205,9,13,timer,667211,1141189.802
206,9,14,event,12960773,2567269.074
206,9,14,http,9656189,3723693.392889658
206,9,14,orchestration,436171,743181.9009999998
206,9,14,others,34391,7834.562999999998
206,9,14,queue,14496865,24896158.311
206,9,14,storage,341022,324773.338
206,9,14,timer,666464,1148745.565
207,9,15,event,12682501,2298937.5420000004
207,9,15,http,9206768,4875431.670461729
207,9,15,orchestration,490846,1248112.4170000001
207,9,15,others,27282,2940.2789999999995
207,9,15,queue,14689375,22742059.411
207,9,15,storage,317349,322582.89699999994
207,9,15,timer,669591,1149451.8859999997
208,9,16,event,12100100,2724919.588000001
208,9,16,http,8993811,5175747.866
208,9,16,orchestration,484084,1079731.7289999998
208,9,16,others,27054,3375.6209999999996
208,9,16,queue,15684896,21081580.867000002
208,9,16,storage,330314,324998.14
208,9,16,timer,681922,1157725.224
209,9,17,event,12092001,3215271.4169999994
209,9,17,http,16665069,6019807.989999996
209,9,17,orchestration,427499,648735.123
209,9,17,others,22589,136.01899999999998
209,9,17,queue,16155347,20361976.29199999
209,9,17,storage,347298,356251.59300000005
209,9,17,timer,674300,1135847.789
210,9,18,event,13257931,2611249.116
210,9,18,http,11449070,15900676.291999998
210,9,18,orchestration,441031,636995.954
210,9,18,others,22131,149.28199999999998
210,9,18,queue,16553536,21819174.85900001
210,9,18,storage,332502,391480.19100000005
210,9,18,timer,670063,1159823.76
211,9,19,event,12149197,2771251.7359999996
211,9,19,http,9589168,13712460.974999996
211,9,19,orchestration,425196,646517.7949999999
211,9,19,others,25370,140.18599999999998
211,9,19,queue,15205084,19970564.225
211,9,19,storage,314876,314042.192
211,9,19,timer,665960,1136738.533
212,9,20,event,11638432,3927654.731
212,9,20,http,9852041,15264533.210999992
212,9,20,orchestration,451878,788059.0389999998
212,9,20,others,25104,45.529
212,9,20,queue,15399871,18889421.062000003
212,9,20,storage,334412,312397.72200000007
212,9,20,timer,677610,1146900.1230000001
213,9,21,event,11287265,2388512.75
213,9,21,http,9871155,18117194.843999997
213,9,21,orchestration,398526,1000865.369
213,9,21,others,20021,53.078
213,9,21,queue,15041254,20026597.232
213,9,21,storage,332625,300352.39999999997
213,9,21,timer,672570,1142513.0869999998
214,9,22,event,10984341,2467240.415
214,9,22,http,9325949,17447445.065999996
214,9,22,orchestration,396267,800323.9560000002
214,9,22,others,34046,80.87800000000001
214,9,22,queue,15140451,19947096.286999986
214,9,22,storage,343917,292533.73399999994
214,9,22,timer,667712,1143135.129
215,9,23,event,10768071,2295127.4300000006
215,9,23,http,9052593,17678133.591000006
215,9,23,orchestration,412137,761366.5079999998
215,9,23,others,26850,88.465
215,9,23,queue,14696375,20551752.187000006
215,9,23,storage,307184,275006.778
215,9,23,timer,667866,1151235.532
216,10,0,event,11183240,1880862.194
216,10,0,http,8991382,4944215.039914111
216,10,0,orchestration,425704,803993.6050000001
216,10,0,others,119780,42458.979
216,10,0,queue,13962994,20293137.683000013
216,10,0,storage,290387,249690.46099999992
216,10,0,timer,694570,1239295.1072314049
217,10,1,event,10855721,1756788.993
217,10,1,http,8961150,5199154.652793781
217,10,1,orchestration,386317,630467.7029999999
217,10,1,others,136045,47238.525
217,10,1,queue,13882286,22198113.441999998
217,10,1,storage,321960,303808.183
217,10,1,timer,666141,1181586.969231405
218,10,2,event,10323556,1645588.4849999999
218,10,2,http,8844564,4919714.624773869
218,10,2,orchestration,329185,524201.723
218,10,2,others,213072,87444.46499999998
218,10,2,queue,13662821,27724343.07
218,10,2,storage,306897,276675.19800000003
218,10,2,timer,663617,1185268.459231405
219,10,3,event,10486371,1733454.6469999999
219,10,3,http,8581043,4695150.080363901
219,10,3,orchestration,358830,469376.6000000001
219,10,3,others,88460,33135.837999999996
219,10,3,queue,13369829,28802226.072
219,10,3,storage,295262,306976.322
219,10,3,timer,667093,1159618.024231405
220,10,4,event,10657464,2026221.1109999998
220,10,4,http,7852571,3673429.898969917
220,10,4,orchestration,428718,639724.1809999997
220,10,4,others,142673,71222.511
220,10,4,queue,13442326,25965308.985000007
220,10,4,storage,307502,399278.6920000001
220,10,4,timer,667473,1155590.776231405
221,10,5,event,11069148,1793974.8949999998
221,10,5,http,7701195,3381700.2285759337
221,10,5,orchestration,380818,778465.2970000001
221,10,5,others,121770,42794.665000000015
221,10,5,queue,12901312,21878302.637000002
221,10,5,storage,312458,350324.28199999995
221,10,5,timer,664744,1152173.698231405
222,10,6,event,11261816,1967371.0119999999
222,10,6,http,8108838,3746259.1687879665
222,10,6,orchestration,698576,1175506.9510000001
222,10,6,others,132131,65184.337
222,10,6,queue,13470214,20409744.009999998
222,10,6,storage,295732,263819.793
222,10,6,timer,670318,1180612.551231405
223,10,7,event,11032377,1765892.7600000002
223,10,7,http,8285870,3431739.665969917
223,10,7,orchestration,777242,583826.524
223,10,7,others,148283,49903.56299999999
223,10,7,queue,14667075,21148267.087
223,10,7,storage,291882,253344.19300000003
223,10,7,timer,667786,1166140.655231405
224,10,8,event,10941421,1630987.0640000002
224,10,8,http,8219655,2925409.99015768
224,10,8,orchestration,846401,826695.1819999998
224,10,8,others,158698,116931.09599999999
224,10,8,queue,13592901,18567665.36
224,10,8,storage,289133,378085.80600000004
224,10,8,timer,674992,1175832.9732314053
225,10,9,event,10786910,1595840.0090000003
225,10,9,http,8651613,3386885.629515767
225,10,9,orchestration,1010344,811235.365
225,10,9,others,116956,49377.433000000005
225,10,9,queue,14076939,19028948.470000003
225,10,9,storage,290094,412923.8839999999
225,10,9,timer,672117,1163961.852231405
226,10,10,event,11135634,1645876.6889999998
226,10,10,http,8504469,3024610.0940315365
226,10,10,orchestration,864951,728313.0930000001
226,10,10,others,109135,91102.602
226,10,10,queue,13865238,19538821.949999996
226,10,10,storage,273654,590879.176
226,10,10,timer,673434,1173476.0332314053
227,10,11,event,11229504,1990047.9119999998
227,10,11,http,8518398,2801252.6128539457
227,10,11,orchestration,423944,676870.1640000001
227,10,11,others,115082,48930.37699999999
227,10,11,queue,14035927,19595464.925999995
227,10,11,storage,275989,283302.822
227,10,11,timer,663538,1153590.673231405
228,10,12,event,11416831,1757089.253
228,10,12,http,8804683,2906092.8694327855
228,10,12,orchestration,469730,902239.7170000001
228,10,12,others,118001,63423.18899999999
228,10,12,queue,15028099,21206236.825000003
228,10,12,storage,284475,295251.69899999996
228,10,12,timer,682438,1192871.168231405
229,10,13,event,11720921,1711261.5480000004
229,10,13,http,9302616,3051709.5538276406
229,10,13,orchestration,468225,896622.7849999999
229,10,13,others,114282,44573.579000000005
229,10,13,queue,16244247,19364112.751999997
229,10,13,storage,294129,392005.4749999998
229,10,13,timer,664260,1144905.510231405
230,10,14,event,11833935,1752024.0829999999
230,10,14,http,9294784,3105446.453367244
230,10,14,orchestration,525122,1021963.85
230,10,14,others,102871,68887.35199999998
230,10,14,queue,15590294,20906540.22700001
230,10,14,storage,290177,320363.05899999995
230,10,14,timer,664608,1170673.558231405
231,10,15,event,11630294,1703513.713
231,10,15,http,9793566,3519883.6488635372
231,10,15,orchestration,508726,1006084.8699999999
231,10,15,others,97704,34704.17
231,10,15,queue,15433178,21195520.401
231,10,15,storage,292460,316822.676
231,10,15,timer,669958,1175823.9372314052
232,10,16,event,12361884,1885826.8620000002
232,10,16,http,9198762,2913491.624935911
232,10,16,orchestration,487622,893268.027
232,10,16,others,93808,46564.727
232,10,16,queue,15911855,20488301.672000002
232,10,16,storage,299499,405655.65900000004
232,10,16,timer,681496,1186543.8404876036
233,10,17,event,12813014,1902266.8570000003
233,10,17,http,9039627,2895299.861012499
233,10,17,orchestration,480809,867554.0280000002
233,10,17,others,93310,27407.33700000001
233,10,17,queue,16429985,20192270.109000005
233,10,17,storage,309836,426865.403
233,10,17,timer,673752,1185225.155
234,10,18,event,11848256,1769619.766
234,10,18,http,9021733,2919320.8565620333
234,10,18,orchestration,463776,789221.8409999999
234,10,18,others,39983,9473.974999999997
234,10,18,queue,15689239,20716805.410000008
234,10,18,storage,320181,496189.84200000006
234,10,18,timer,671588,1260080.2831859502
235,10,19,event,11808817,2079222.5909999995
235,10,19,http,8790324,2810242.123680477
235,10,19,orchestration,453797,822451.712
235,10,19,others,22886,113.293
235,10,19,queue,14507265,19395073.652000003
235,10,19,storage,301724,402533.234
235,10,19,timer,666102,1181848.396
236,10,20,event,11516698,2134378.4300000006
236,10,20,http,8648284,2816834.5833053747
236,10,20,orchestration,485563,988040.8549999997
236,10,20,others,20751,120.794
236,10,20,queue,15553710,19366538.265
236,10,20,storage,296326,421684.91799999995
236,10,20,timer,678151,1199653.3849297522
237,10,21,event,11362409,1890922.6830000004
237,10,21,http,8680688,3440660.868556023
237,10,21,orchestration,451756,1117179.8110000002
237,10,21,others,22173,162.068
237,10,21,queue,15991892,19686610.009000003
237,10,21,storage,277273,391906.25000000006
237,10,21,timer,671660,1194950.2062314053
238,10,22,event,11649734,1709613.597
238,10,22,http,8132946,3115818.8946419116
238,10,22,orchestration,437987,984428.4459999998
238,10,22,others,20286,159.658
238,10,22,queue,16146671,19590277.702999998
238,10,22,storage,342878,668085.803
238,10,22,timer,665863,1193866.391231405
239,10,23,event,11046130,1624870.3830000001
239,10,23,http,7923527,3039343.143076152
239,10,23,orchestration,399673,797872.5150000004
239,10,23,others,25661,14328.46
239,10,23,queue,14929777,17801004.283000004
239,10,23,storage,337901,586353.4320000001
239,10,23,timer,665512,1194859.050231405
240,11,0,event,10993099,1497261.5680000002
240,11,0,http,8066259,2654143.955
240,11,0,orchestration,434684,852334.7099999998
240,11,0,others,39735,1710938.2920000004
240,11,0,queue,15648830,18719310.77
240,11,0,storage,302267,562683.2660000001
240,11,0,timer,693112,1241015.3719999995
241,11,1,event,10342987,1400670.9239999999
241,11,1,http,7813920,2516281.578
241,11,1,orchestration,405593,663868.1030000001
241,11,1,others,39425,1755210.9530000004
241,11,1,queue,14272203,19109426.421000004
241,11,1,storage,331604,629698.9429999999
241,11,1,timer,663680,1192902.5849999997
242,11,2,event,10773059,1456462.164
242,11,2,http,7532139,2464387.421
242,11,2,orchestration,359650,565273.0749999997
242,11,2,others,41270,1886168.3699999996
242,11,2,queue,14225941,20831588.57
242,11,2,storage,280610,512254.07
242,11,2,timer,667290,1267470.8619999997
243,11,3,event,10945192,1361432.394
243,11,3,http,7313238,2453729.0590000004
243,11,3,orchestration,447337,733393.0169999999
243,11,3,others,46530,2284534.1510000005
243,11,3,queue,13495577,18913272.343
243,11,3,storage,260829,383302.88999999996
243,11,3,timer,668922,1189411.0379999995
244,11,4,event,10831003,1393037.672
244,11,4,http,7415807,2391436.0299999993
244,11,4,orchestration,460735,689481.209
244,11,4,others,59516,2544273.8630000004
244,11,4,queue,13856187,18202149.047999997
244,11,4,storage,277805,578175.1960000001
244,11,4,timer,676902,1211233.0969999996
245,11,5,event,11548218,1285245.058
245,11,5,http,7481623,2442581.1810000013
245,11,5,orchestration,379728,585336.8919999999
245,11,5,others,69288,2937041.4750000006
245,11,5,queue,14035521,21399338.048
245,11,5,storage,365582,872837.5659999999
245,11,5,timer,670294,1224714.676
246,11,6,event,11638236,1422741.2119999998
246,11,6,http,7778049,2621150.9869999997
246,11,6,orchestration,558175,598445.7469999997
246,11,6,others,82451,3313018.1950000008
246,11,6,queue,14834550,24465127.2
246,11,6,storage,398508,559840.294
246,11,6,timer,676606,1267421.694
247,11,7,event,11844238,1441121.6500000001
247,11,7,http,8372624,2905830.9250000026
247,11,7,orchestration,829096,661759.3609999999
247,11,7,others,87128,3443759.7580000004
247,11,7,queue,15829267,24640741.513000008
247,11,7,storage,358599,280614.27999999997
247,11,7,timer,666672,1176398.0599999998
248,11,8,event,11714629,1492683.4679999999
248,11,8,http,8373621,2768580.4639999997
248,11,8,orchestration,874483,926817.8439999999
248,11,8,others,69359,3610355.2990000006
248,11,8,queue,14673828,20892436.821
248,11,8,storage,363868,271694.208
248,11,8,timer,674895,1212945.457
249,11,9,event,12054748,1450623.0529999998
249,11,9,http,8835667,2496483.170000002
249,11,9,orchestration,807721,828452.9310000001
249,11,9,others,68522,3498546.6399999997
249,11,9,queue,15934799,20823690.048
249,11,9,storage,372302,401292.85199999996
249,11,9,timer,667833,1144340.885
250,11,10,event,11506426,1444068.688
250,11,10,http,8189684,2497209.049705884
250,11,10,orchestration,1034015,707479.962
250,11,10,others,72088,3765197.719000001
250,11,10,queue,16257735,19495598.510999992
250,11,10,storage,353955,599702.778
250,11,10,timer,671069,1165792.3239999998
251,11,11,event,11465475,2120539.012999999
251,11,11,http,8496509,2675215.0064117634
251,11,11,orchestration,674312,800980.686
251,11,11,others,72064,3644141.4020000007
251,11,11,queue,16596181,17855361.771999996
251,11,11,storage,332607,409761.19700000004
251,11,11,timer,664161,1170116.5979999995
252,11,12,event,12106009,1932288.582
252,11,12,http,9074281,3313144.699285711
252,11,12,orchestration,488252,806403.129
252,11,12,others,86134,3872550.0599999996
252,11,12,queue,18295461,19724386.185999997
252,11,12,storage,333798,475239.4029999999
252,11,12,timer,684920,1230776.4780000001
253,11,13,event,12479904,1893801.167
253,11,13,http,9262918,2991448.4108823547
253,11,13,orchestration,541736,745119.8219999999
253,11,13,others,52183,538504.524
253,11,13,queue,19424772,20839835.427000016
253,11,13,storage,351129,433215.67899999995
253,11,13,timer,665310,1169544.616
254,11,14,event,12361537,1762015.0510000002
254,11,14,http,9125734,2960205.8110000007
254,11,14,orchestration,457402,698115.5619999999
254,11,14,others,32017,5454.312000000001
254,11,14,queue,16954717,18770106.2
254,11,14,storage,327004,442109.15099999995
254,11,14,timer,667088,1170057.0780000002
255,11,15,event,12376435,1741953.2579999997
255,11,15,http,8973846,2801468.712000001
255,11,15,orchestration,550263,947918.509
255,11,15,others,27226,2949.163000000001
255,11,15,queue,17252646,18498779.813000005
255,11,15,storage,352866,469540.86699999997
255,11,15,timer,667019,1176165.8069999993
256,11,16,event,12024416,1660531.5639999993
256,11,16,http,8941397,2764572.6519999993
256,11,16,orchestration,561109,1265175.9990000003
256,11,16,others,20983,1443.6000000000001
256,11,16,queue,15794529,18221064.140000008
256,11,16,storage,358634,495283.03900000016
256,11,16,timer,679331,1169375.291
257,11,17,event,12292807,1694245.5080000001
257,11,17,http,8987535,2765361.3379999995
257,11,17,orchestration,454144,695802.7199999999
257,11,17,others,21361,70.56400000000001
257,11,17,queue,15875944,18047596.792000007
257,11,17,storage,348835,467004.7860000001
257,11,17,timer,667821,1165257.531
258,11,18,event,13133728,2203178.4940000004
258,11,18,http,8902615,2811391.6880000005
258,11,18,orchestration,464669,639309.517
258,11,18,others,19203,114.07199999999997
258,11,18,queue,15724867,20262117.591000002
258,11,18,storage,335698,492825.41200000007
258,11,18,timer,676749,1195457.7619999996
259,11,19,event,12373179,2577700.508
259,11,19,http,8816106,2813843.1050000004
259,11,19,orchestration,523371,626422.6630000002
259,11,19,others,22667,20.014000000000003
259,11,19,queue,15642496,18668418.194999997
259,11,19,storage,341316,414117.3710000001
259,11,19,timer,677512,1174642.2989999996
260,11,20,event,11860826,2377579.82
260,11,20,http,8635475,2708813.3492857134
260,11,20,orchestration,539359,807750.1419999999
260,11,20,others,23611,33.696
260,11,20,queue,15073357,18146207.032
260,11,20,storage,334608,413580.391
260,11,20,timer,689799,1183445.5279999997
261,11,21,event,11796813,2614029.415
261,11,21,http,8573508,3204993.134571429
261,11,21,orchestration,501525,824923.2190000002
261,11,21,others,21857,446.78900000000004
261,11,21,queue,12989374,16331887.210000005
261,11,21,storage,301593,380881.45000000007
261,11,21,timer,679855,1169324.041
262,11,22,event,11210980,2199801.474
262,11,22,http,7972881,2651705.311857143
262,11,22,orchestration,506515,984435.9289999999
262,11,22,others,21221,8063.622
262,11,22,queue,13519603,17721705.650000002
262,11,22,storage,342411,521254.808
262,11,22,timer,675205,1164780.2139999995
263,11,23,event,11027065,2185732.264
263,11,23,http,7614777,2629430.7009999985
263,11,23,orchestration,486534,806707.0400000002
263,11,23,others,21615,6050.125000000001
263,11,23,queue,12142601,16313325.227000002
263,11,23,storage,316145,647190.632
263,11,23,timer,672862,1167263.3539999998
264,12,0,event,11812133,1879749.8360000001
264,12,0,http,7734879,2805230.9999999995
264,12,0,orchestration,463797,878936.4619999998
264,12,0,others,131988,25593.528000000002
264,12,0,queue,11882770,19161301.273
264,12,0,storage,318017,663917.026
264,12,0,timer,697959,1220536.8009999997
265,12,1,event,11152135,1649133.4399999997
265,12,1,http,7833146,2773144.2549999985
265,12,1,orchestration,393928,640961.9430000001
265,12,1,others,129132,24491.939
265,12,1,queue,11279246,20380915.815999996
265,12,1,storage,358783,683782.8939999999
265,12,1,timer,668387,1164943.6120000002
266,12,2,event,11359543,1630536.7079999999
266,12,2,http,7461866,2876841.1250000005
266,12,2,orchestration,368046,558945.896
266,12,2,others,110326,26524.62799999999
266,12,2,queue,11249102,20076510.594000004
266,12,2,storage,341851,647814.659
266,12,2,timer,666988,1177979.4790000003
267,12,3,event,11359309,1635184.665
267,12,3,http,7340441,2510917.6620000005
267,12,3,orchestration,379632,530922.37
267,12,3,others,115602,23785.417999999994
267,12,3,queue,10520581,18671366.706000004
267,12,3,storage,308912,677917.061
267,12,3,timer,670811,1165076.466
268,12,4,event,11340856,1651793.4330000002
268,12,4,http,7549595,3041679.904999999
268,12,4,orchestration,418187,596873.2099999998
268,12,4,others,121836,28087.989999999998
268,12,4,queue,10838171,18777746.328
268,12,4,storage,299893,658411.1199999999
268,12,4,timer,675695,1167125.779
269,12,5,event,12708855,1708389.6160000004
269,12,5,http,7606524,2821967.586999999
269,12,5,orchestration,359770,556103.8020000001
269,12,5,others,117714,18824.748999999993
269,12,5,queue,11391180,21342929.008000005
269,12,5,storage,295740,731840.6569999998
269,12,5,timer,668630,1142470.5480000002
270,12,6,event,12465767,1687477.7269999997
270,12,6,http,7672457,2575360.488999999
270,12,6,orchestration,523229,645171.2580000001
270,12,6,others,86473,30239.63299999999
270,12,6,queue,11630028,21762492.474
270,12,6,storage,296594,678753.108
270,12,6,timer,672177,1172825.912
271,12,7,event,12281910,1705547.24
271,12,7,http,7955624,2489934.6200000006
271,12,7,orchestration,740322,621427.582
271,12,7,others,34721,22130.187
271,12,7,queue,12740811,22532949.255000003
271,12,7,storage,299579,543570.6950000002
271,12,7,timer,668871,1160499.496
272,12,8,event,12149322,1854864.936
272,12,8,http,8048177,2522986.9219999984
272,12,8,orchestration,992730,923697.1859999998
272,12,8,others,39717,44572.514
272,12,8,queue,12513163,21067121.308
272,12,8,storage,301135,605371.218
272,12,8,timer,676553,1166349.5620000002
273,12,9,event,12617698,1882306.811
273,12,9,http,8173603,6412531.309999999
273,12,9,orchestration,1133309,691147.3080000001
273,12,9,others,38424,29171.351
273,12,9,queue,12648997,20216858.216
273,12,9,storage,308433,690078.296
273,12,9,timer,672021,1151218.4850000003
274,12,10,event,11973138,1914907.3669999999
274,12,10,http,8180912,2618658.922
274,12,10,orchestration,781977,655505.002
274,12,10,others,40273,27672.916999999994
274,12,10,queue,14490296,19787340.13
274,12,10,storage,284345,585340.993
274,12,10,timer,672500,1157556.7100000002
275,12,11,event,11641595,1807752.159
275,12,11,http,8486839,3552317.445
275,12,11,orchestration,459490,652946.5360000001
275,12,11,others,44825,13386.926000000001
275,12,11,queue,15635171,18811072.698999994
275,12,11,storage,282344,553952.7099999998
275,12,11,timer,665063,1151364.4510000004
276,12,12,event,12241583,2330500.9239999996
276,12,12,http,8797330,3004097.891999999
276,12,12,orchestration,453904,752067.9859999999
276,12,12,others,39309,22968.51299999999
276,12,12,queue,16193093,19377497.300999995
276,12,12,storage,304661,563372.5609999999
276,12,12,timer,685294,1202203.946
277,12,13,event,12260700,2521851.9009999996
277,12,13,http,9106032,3181646.426
277,12,13,orchestration,449436,848806.5660000001
277,12,13,others,38186,28174.137999999995
277,12,13,queue,16715192,19220791.064999994
277,12,13,storage,287629,562374.0640000001
277,12,13,timer,664239,1147238.4370000002
278,12,14,event,12395595,2637938.4839999997
278,12,14,http,9210455,3238885.1979999975
278,12,14,orchestration,490977,839094.588
278,12,14,others,33972,19432.234999999997
278,12,14,queue,14451760,20084674.508999992
278,12,14,storage,314736,552450.6990000001
278,12,14,timer,663697,1161202.2330000002
279,12,15,event,12422711,2495047.7339999992
279,12,15,http,9050579,3089224.5209999993
279,12,15,orchestration,540339,1421439.0469999998
279,12,15,others,30884,10764.37
279,12,15,queue,15814819,21063082.718999993
279,12,15,storage,310079,549657.637
279,12,15,timer,667170,1154963.3880000003
280,12,16,event,12067982,2462803.663
280,12,16,http,9326174,2892523.978000001
280,12,16,orchestration,497536,731866.1540000001
280,12,16,others,62649,11869.53
280,12,16,queue,16649341,20177520.416
280,12,16,storage,334927,591770.5239999999
280,12,16,timer,677521,1156551.3969999999
281,12,17,event,12075644,2376126.6779999994
281,12,17,http,8959396,2894089.7629999993
281,12,17,orchestration,446559,648509.042
281,12,17,others,28482,7673.03
281,12,17,queue,18196792,17982509.537
281,12,17,storage,363954,534547.4959999999
281,12,17,timer,665618,1150500.4130000004
282,12,18,event,12804242,2403400.8800000004
282,12,18,http,8589709,3104987.897000001
282,12,18,orchestration,478157,711021.079
282,12,18,others,21966,5289.4580000000005
282,12,18,queue,21248614,20882869.228
282,12,18,storage,331671,547268.5919999998
282,12,18,timer,665419,1172178.1030000001
283,12,19,event,12199073,2403143.3630000004
283,12,19,http,8626973,3198231.496999999
283,12,19,orchestration,484305,667078.152
283,12,19,others,20737,4155.241
283,12,19,queue,20650884,19234437.194999997
283,12,19,storage,296062,530607.5650000001
283,12,19,timer,665941,1145788.283
284,12,20,event,11791087,2384845.441
284,12,20,http,8403378,2937183.2139999997
284,12,20,orchestration,463539,713968.4699999999
284,12,20,others,21395,3820.61
284,12,20,queue,19565515,18411481.710999995
284,12,20,storage,298654,511029.76699999993
284,12,20,timer,679560,1166914.5310000004
285,12,21,event,11262705,2367171.5840000003
285,12,21,http,8181184,2904557.4779999987
285,12,21,orchestration,410891,1089393.2989999999
285,12,21,others,18330,2744.414
285,12,21,queue,20056979,21281874.904
285,12,21,storage,269453,460893.46200000006
285,12,21,timer,671854,1152052.3290000004
286,12,22,event,11033409,2506717.7219999996
286,12,22,http,7808899,2675732.5810000002
286,12,22,orchestration,386488,885249.6880000002
286,12,22,others,18158,3089.0550000000003
286,12,22,queue,20637719,27588240.311999988
286,12,22,storage,330015,482526.734
286,12,22,timer,666622,1141022.7010000006
287,12,23,event,10746840,2259312.990999999
287,12,23,http,7555152,2566440.7240000004
287,12,23,orchestration,357927,843178.858
287,12,23,others,18928,3092.251
287,12,23,queue,18555744,24561674.863999996
287,12,23,storage,266660,447236.90599999984
287,12,23,timer,665736,1125429.3669999999
288,13,0,event,11488567,2247887.4460000005
288,13,0,http,7692287,3906155.012000002
288,13,0,orchestration,428638,861925.1639999999
288,13,0,others,20872,3299.238
288,13,0,queue,18242898,23375016.570999995
288,13,0,storage,247991,502060.1940000001
288,13,0,timer,694379,1171331.6639999999
289,13,1,event,10783135,2069501.9600000002
289,13,1,http,7567380,4577613.125000003
289,13,1,orchestration,365883,700438.1150000001
289,13,1,others,21306,3171.9939999999992
289,13,1,queue,16833848,20773481.863999993
289,13,1,storage,258690,447325.40900000016
289,13,1,timer,668319,1112879.1419999998
290,13,2,event,10971474,2003520.7650000004
290,13,2,http,7398486,4766545.837000002
290,13,2,orchestration,378238,638472.4130000001
290,13,2,others,21714,4047.153999999999
290,13,2,queue,16059256,18236817.512999993
290,13,2,storage,249713,432039.471
290,13,2,timer,666593,1130438.917
291,13,3,event,10777842,1991884.497
291,13,3,http,7210293,3805490.162
291,13,3,orchestration,364907,729720.619
291,13,3,others,19808,3163.7180000000003
291,13,3,queue,15377625,16540401.018999996
291,13,3,storage,235324,402955.65700000006
291,13,3,timer,673749,1117479.6269999999
292,13,4,event,10358207,2106801.114
292,13,4,http,7127224,3079319.963
292,13,4,orchestration,408852,596250.8790000001
292,13,4,others,28775,8319.973000000002
292,13,4,queue,16742882,16850461.316
292,13,4,storage,261230,730523.5100000001
292,13,4,timer,672885,1117916.487
293,13,5,event,11827398,2211446.576
293,13,5,http,7246471,3239315.9459999995
293,13,5,orchestration,341869,614871.2619999999
293,13,5,others,31424,5015.284
293,13,5,queue,17457322,18611496.74099999
293,13,5,storage,238223,532113.041
293,13,5,timer,666299,1111510.648
294,13,6,event,11731222,2119708.894
294,13,6,http,7305935,4298933.708999998
294,13,6,orchestration,525902,555638.2899999998
294,13,6,others,46366,8012.164999999999
294,13,6,queue,18372555,16750325.329000002
294,13,6,storage,214474,390466.7520000001
294,13,6,timer,671080,1135457.523
295,13,7,event,12410696,2156785.9480000003
295,13,7,http,7689883,4103796.294
295,13,7,orchestration,808288,609091.595
295,13,7,others,26502,4381.653
295,13,7,queue,19814673,18134587.434
295,13,7,storage,229845,463507.934
295,13,7,timer,666318,1110884.9039999999
296,13,8,event,12245947,2115122.988
296,13,8,http,7640701,3626835.3042000006
296,13,8,orchestration,807291,647486.6649999998
296,13,8,others,20248,7573.463000000002
296,13,8,queue,19358947,17402331.995
296,13,8,storage,203956,458034.5160000001
296,13,8,timer,673221,1108317.9669999997
297,13,9,event,11107159,2087602.154
297,13,9,http,7664801,3498823.4347999985
297,13,9,orchestration,437044,634169.6479999999
297,13,9,others,19149,4800.468
297,13,9,queue,19237455,16568226.386
297,13,9,storage,229149,367530.7780000001
297,13,9,timer,670245,1096146.184
298,13,10,event,10933868,2104498.113
298,13,10,http,7617853,3293011.385999999
298,13,10,orchestration,420856,645932.8009999997
298,13,10,others,18576,7901.997
298,13,10,queue,19059618,17766121.490000002
298,13,10,storage,209084,332097.70700000005
298,13,10,timer,670905,1099253.611
299,13,11,event,10652101,2091553.437
299,13,11,http,7543972,3145837.2099999995
299,13,11,orchestration,413303,604981.3849999999
299,13,11,others,18238,4461.24
299,13,11,queue,18703095,15666445.994
299,13,11,storage,207044,318435.61100000003
299,13,11,timer,665792,1100854.379
300,13,12,event,10993639,2099025.2709999997
300,13,12,http,7681145,3164816.8529999987
300,13,12,orchestration,466012,603050.337
300,13,12,others,20033,8827.585000000003
300,13,12,queue,19052538,16968158.313000005
300,13,12,storage,219644,873682.5890000003
300,13,12,timer,684443,1131388.0690000001
301,13,13,event,10917643,2086194.7640000002
301,13,13,http,7978661,3982588.8900000015
301,13,13,orchestration,425809,593542.73
301,13,13,others,19150,4126.545999999999
301,13,13,queue,19921573,16389203.285999998
301,13,13,storage,318776,5919029.226
301,13,13,timer,665821,1094173.2429999998
302,13,14,event,11081054,2155257.7639999995
302,13,14,http,8070129,4304899.1120000025
302,13,14,orchestration,427957,748260.0419999999
302,13,14,others,21091,4949.256999999998
302,13,14,queue,20069470,15497251.558
302,13,14,storage,433205,9939103.041000003
302,13,14,timer,667305,1115816.3990000002
303,13,15,event,11116241,2192493.534
303,13,15,http,8170971,4328251.892999998
303,13,15,orchestration,450740,615083.4050000001
303,13,15,others,20466,3205.18
303,13,15,queue,20054422,15782563.613
303,13,15,storage,376379,8418239.113999998
303,13,15,timer,670496,1112821.9369999997
304,13,16,event,10993957,2217916.504
304,13,16,http,8392857,3911629.5719999997
304,13,16,orchestration,449162,588402.7540000001
304,13,16,others,20242,4068.7129999999993
304,13,16,queue,20049665,15088629.526000002
304,13,16,storage,409711,9852458.471000003
304,13,16,timer,681490,1108186.209
305,13,17,event,11010670,2159168.152
305,13,17,http,8229051,4017473.022
305,13,17,orchestration,419930,568391.5549999999
305,13,17,others,20403,2641.154
305,13,17,queue,20102721,15219962.76
305,13,17,storage,383921,8654544.593000004
305,13,17,timer,670430,1091710.595
306,13,18,event,11910668,2660996.1459999993
306,13,18,http,8049798,5470042.204000002
306,13,18,orchestration,444191,600847.6479999998
306,13,18,others,17162,1298.9800000000002
306,13,18,queue,19165122,16381228.432999996
306,13,18,storage,410451,9695761.482
306,13,18,timer,673528,1118682.2959999999
307,13,19,event,11226851,2428521.538
307,13,19,http,7834158,5798427.428999998
307,13,19,orchestration,368265,594758.184
307,13,19,others,15156,55.611999999999995
307,13,19,queue,18999775,15231012.234000001
307,13,19,storage,380773,8098091.434000001
307,13,19,timer,665186,1099265.868
308,13,20,event,10684316,2561852.658
308,13,20,http,7757757,4164541.9259999986
308,13,20,orchestration,386864,602147.7129999999
308,13,20,others,15345,83.945
308,13,20,queue,18045949,16590036.527000003
308,13,20,storage,312748,2076489.2719999996
308,13,20,timer,677302,1104697.554
309,13,21,event,10418920,2267347.9379999996
309,13,21,http,7724768,4535600.928000001
309,13,21,orchestration,375775,770654.7159999999
309,13,21,others,15255,54.737
309,13,21,queue,17899583,14412157.647999998
309,13,21,storage,260417,262323.53899999993
309,13,21,timer,669183,1090667.111
310,13,22,event,10208580,2186920.473
310,13,22,http,7601623,4431274.715
310,13,22,orchestration,373360,800664.195
310,13,22,others,15145,90.654
310,13,22,queue,17860815,14971030.425999999
310,13,22,storage,265728,269637.862
310,13,22,timer,666693,1088401.1719999998
311,13,23,event,10430612,2164090.708
311,13,23,http,7450440,3818688.7429999993
311,13,23,orchestration,333251,734781.6359999999
311,13,23,others,15770,114.89599999999999
311,13,23,queue,17710247,15097432.193999996
311,13,23,storage,290852,256030.101
311,13,23,timer,666722,1091160.5030000003
312,14,0,event,11123774,2661721.5510000004
312,14,0,http,7497241,4089052.9170000013
312,14,0,orchestration,419033,823676.149
312,14,0,others,17035,535.8430000000001
312,14,0,queue,17562137,15393788.5
312,14,0,storage,272674,268013.12599999993
312,14,0,timer,699250,1163563.9000000001
313,14,1,event,10006816,2370495.1689999998
313,14,1,http,7430179,3525400.605
313,14,1,orchestration,373889,704560.916
313,14,1,others,16657,393.64900000000006
313,14,1,queue,17383057,17676543.576999996
313,14,1,storage,252374,277370.0609999999
313,14,1,timer,672894,1111882.277
314,14,2,event,10020351,2550889.9329999997
314,14,2,http,7223614,3036493.350000002
314,14,2,orchestration,347422,641352.0560000001
314,14,2,others,20642,390.843
314,14,2,queue,17936580,18741355.676999997
314,14,2,storage,266774,277787.802
314,14,2,timer,669990,1127226.8690000002
315,14,3,event,9982705,2498615.1360000004
315,14,3,http,7076762,2349365.264
315,14,3,orchestration,361155,605681.848
315,14,3,others,15688,369.425
315,14,3,queue,18122449,16131404.329999996
315,14,3,storage,260116,305411.123
315,14,3,timer,673357,1112780.896
316,14,4,event,9944837,2587370.738
316,14,4,http,7039285,2439284.3749999986
316,14,4,orchestration,431913,638333.8800000002
316,14,4,others,29118,431.30600000000004
316,14,4,queue,18207538,15887686.372999988
316,14,4,storage,264249,396609.978
316,14,4,timer,678688,1118684.4470000002
317,14,5,event,10969962,2544616.441
317,14,5,http,7101271,2559263.6539999973
317,14,5,orchestration,327883,544527.2749999999
317,14,5,others,29724,131.13200000000003
317,14,5,queue,18839006,18027723.37200001
317,14,5,storage,258141,738627.7119999999
317,14,5,timer,671106,1106585.729
318,14,6,event,11112820,2653993.3959999993
318,14,6,http,7280458,4037692.0710000023
318,14,6,orchestration,577356,552762.1979999999
318,14,6,others,45503,150.545
318,14,6,queue,19154791,17061613.990000006
318,14,6,storage,240355,315495.04800000007
318,14,6,timer,675652,1126912.91
319,14,7,event,10679406,2342690.4019999993
319,14,7,http,7735998,3642268.2500000005
319,14,7,orchestration,680267,591016.4509999999
319,14,7,others,30782,63.297
319,14,7,queue,20137574,16582611.367999997
319,14,7,storage,249076,294139.926
319,14,7,timer,670814,1105179.38
320,14,8,event,11220374,2369653.814
320,14,8,http,7860258,3286933.4740000004
320,14,8,orchestration,793881,651189.8699999999
320,14,8,others,17424,63.279999999999994
320,14,8,queue,19680697,16820412.175
320,14,8,storage,252342,309527.03699999995
320,14,8,timer,678042,1106068.7270000002
321,14,9,event,11139798,2317149.9959999993
321,14,9,http,7675995,3342705.564
321,14,9,orchestration,804702,650739.3010000001
321,14,9,others,14961,923.9849999999999
321,14,9,queue,20111239,16781113.998
321,14,9,storage,378432,968011.1279999998
321,14,9,timer,676004,1109728.285
322,14,10,event,10213887,2248815.872
322,14,10,http,7616604,2920170.125
322,14,10,orchestration,936388,566899.407
322,14,10,others,17950,1013.9169999999999
322,14,10,queue,19758851,17105836.759999998
322,14,10,storage,230156,303959.527
322,14,10,timer,671910,1110063.881
323,14,11,event,9868694,2103031.4889999996
323,14,11,http,7620251,2589930.673
323,14,11,orchestration,659166,658442.4469999999
323,14,11,others,14696,105.015
323,14,11,queue,19701815,14847500.983000003
323,14,11,storage,226477,255628.25100000002
323,14,11,timer,671597,1101882.6230000004
324,14,12,event,10107006,2124774.6739999996
324,14,12,http,7864717,2785375.453999999
324,14,12,orchestration,478544,679190.4249999999
324,14,12,others,16506,59.97399999999999
324,14,12,queue,20962592,16360061.791999992
324,14,12,storage,242961,265536.39099999995
324,14,12,timer,690819,1135359.1570000001
325,14,13,event,10483758,2196035.924
325,14,13,http,8052788,2768823.1549999993
325,14,13,orchestration,476655,677051.4609999999
325,14,13,others,18119,54.909
325,14,13,queue,21173039,15616630.600000003
325,14,13,storage,262583,388624.89800000004
325,14,13,timer,670507,1096268.9919999999
326,14,14,event,10723766,2229184.4239999996
326,14,14,http,8225775,3021553.171000002
326,14,14,orchestration,444755,635326.9829999999
326,14,14,others,15879,55.812
326,14,14,queue,21451362,16999466.562000003
326,14,14,storage,249979,290593.128
326,14,14,timer,670575,1106462.8409999998
327,14,15,event,10173041,2287431.1259999997
327,14,15,http,8205558,2895822.4650000003
327,14,15,orchestration,468192,682919.0009999999
327,14,15,others,16028,58.628
327,14,15,queue,19812727,15713454.598
327,14,15,storage,248126,285220.884
327,14,15,timer,674620,1097039.712
328,14,16,event,10082062,3124769.4939999986
328,14,16,http,8276120,3200679.805999999
328,14,16,orchestration,441849,649605.2999999998
328,14,16,others,15870,58.536
328,14,16,queue,20281827,16417497.487000003
328,14,16,storage,326169,735730.967
328,14,16,timer,685530,1106190.9989999998
329,14,17,event,10123779,2617607.1029999997
329,14,17,http,8345395,3293696.9130000006
329,14,17,orchestration,420865,643066.7339999999
329,14,17,others,17604,55.513999999999996
329,14,17,queue,20876572,16536171.187999995
329,14,17,storage,265796,316594.874
329,14,17,timer,674372,1093819.3539999998
330,14,18,event,11155875,2618557.7479999997
330,14,18,http,8307782,3226832.190999999
330,14,18,orchestration,406994,676332.6989999997
330,14,18,others,16582,82.136
330,14,18,queue,20263811,17905672.276000004
330,14,18,storage,287104,276380.05899999995
330,14,18,timer,675012,1116169.0049999997
331,14,19,event,10301363,2896533.915
331,14,19,http,8175761,2894925.7469999986
331,14,19,orchestration,380078,611379.931
331,14,19,others,16041,79.58599999999998
331,14,19,queue,19504526,16945954.019
331,14,19,storage,288048,284800.66099999996
331,14,19,timer,670911,1097327.15
332,14,20,event,9741357,3209367.1489999993
332,14,20,http,8312103,3323274.8239999996
332,14,20,orchestration,394888,641699.3069999998
332,14,20,others,18841,54.016
332,14,20,queue,19355475,16065246.379999997
332,14,20,storage,307625,268422.28500000003
332,14,20,timer,683691,1108052.2840000002
333,14,21,event,9803648,2445292.895
333,14,21,http,8342206,5381616.227999999
333,14,21,orchestration,385640,755815.541
333,14,21,others,17581,54.03499999999999
333,14,21,queue,19278854,15100810.761000002
333,14,21,storage,420861,852345.764
333,14,21,timer,676792,1090993.9219999998
334,14,22,event,9927669,2152895.6819999996
334,14,22,http,7942588,2974523.5760000004
334,14,22,orchestration,395911,786394.3280000001
334,14,22,others,20465,55.849999999999994
334,14,22,queue,18802563,15110164.561000003
334,14,22,storage,312053,272270.35099999997
334,14,22,timer,673407,1083571.6220000002
335,14,23,event,9937128,2317251.6429999997
335,14,23,http,7842491,3429338.5329999994
335,14,23,orchestration,382591,829827.0660000001
335,14,23,others,22713,53.510999999999996
335,14,23,queue,18010325,14428567.134
335,14,23,storage,278254,260921.04699999996
335,14,23,timer,673159,1092674.8460000001
