hour_index,trigger,actual_compute_seconds,baseline_forecast,SARIMAX_forecast,LightGBM_forecast,selected_model,selected_forecast
264,event,1879749.836,1497261.5680000002,2110467.257281882,2197370.1877869423,Historical Hour-of-Day Mean,3271193.469833333
264,http,2805230.9999999995,2654143.955,2832661.350545484,2769732.276118798,Historical Hour-of-Day Mean,3651880.327166667
264,orchestration,878936.4619999998,852334.7099999998,819990.9233950889,823451.9218711377,Historical Hour-of-Day Mean,845788.5836666668
264,others,25593.528,1710938.2920000004,3104206.9983627284,348522.82081227115,Historical Hour-of-Day Mean,15827.451333333333
264,queue,19161301.273,18719310.77,16347684.831472067,17998609.795910712,Historical Hour-of-Day Mean,19464080.44183333
264,storage,663917.026,562683.2660000001,509455.3059566105,808436.4815165442,Historical Hour-of-Day Mean,287168.5098333334
264,timer,1220536.8009999995,1241015.3719999995,1245379.0541418926,1284092.1186338763,Historical Hour-of-Day Mean,1171078.0997777777
265,event,1649133.4399999997,1400670.924,2030348.807133252,2151207.484873712,Historical Hour-of-Day Mean,2957774.7973333336
265,http,2773144.2549999985,2516281.578,2999748.6056471057,2834119.226223412,Historical Hour-of-Day Mean,3580844.757333333
265,orchestration,640961.9430000001,663868.1030000001,717496.4997510639,670989.601047967,Historical Hour-of-Day Mean,613518.6883333334
265,others,24491.939,1755210.9530000004,3199926.634554114,167811.24158058246,Historical Hour-of-Day Mean,14364.2605
265,queue,20380915.816,19109426.421000004,17838292.492741566,20750204.78068465,Historical Hour-of-Day Mean,24730571.8335
265,storage,683782.8939999999,629698.9429999999,439015.7392265094,732751.8583346982,Historical Hour-of-Day Mean,365171.5113869048
265,timer,1164943.6120000002,1192902.5849999995,1183452.6305156385,1154010.321661213,Historical Hour-of-Day Mean,1114079.032777778
266,event,1630536.708,1456462.164,1948518.6183971008,2066007.944573908,Historical Hour-of-Day Mean,2416068.0741666667
266,http,2876841.1250000005,2464387.421,3142446.889382818,2897178.4994843937,Historical Hour-of-Day Mean,3403175.295666667
266,orchestration,558945.896,565273.0749999997,710991.5873519311,627494.2982713347,Historical Hour-of-Day Mean,554714.6015
266,others,26524.62799999999,1886168.37,3452016.228335939,158974.65588211422,Historical Hour-of-Day Mean,14042.8525
266,queue,20076510.594000004,20831588.57,18792934.85926669,21793624.37820516,Historical Hour-of-Day Mean,28182282.8325
266,storage,647814.659,512254.07,405712.9557552447,706788.6335257395,Historical Hour-of-Day Mean,345648.1795
266,timer,1177979.4790000005,1267470.8619999995,1213769.6374910823,1202891.161139191,Historical Hour-of-Day Mean,1122373.9734444446
267,event,1635184.665,1361432.394,1946633.0701322723,1887226.171237869,Historical Hour-of-Day Mean,2894105.4673333336
267,http,2510917.6620000005,2453729.0590000004,3263910.006428455,2916370.4518911047,Historical Hour-of-Day Mean,3292338.698333333
267,orchestration,530922.37,733393.0169999999,723916.5587356902,712337.2526269949,Historical Hour-of-Day Mean,554632.6036666667
267,others,23785.417999999994,2284534.1510000005,4188815.113408899,188729.48011137324,Historical Hour-of-Day Mean,11975.072333333332
267,queue,18671366.706000004,18913272.343,18484682.787588656,18778339.99456541,Historical Hour-of-Day Mean,26478017.505166665
267,storage,677917.061,383302.89,389928.38260781526,677587.4732103474,Historical Hour-of-Day Mean,401579.89166666666
267,timer,1165076.466,1189411.0379999997,1176593.6858171325,1211447.893106887,Historical Hour-of-Day Mean,1108846.8779444443
268,event,1651793.4330000002,1393037.672,1936364.2977726625,1758117.0747210342,Historical Hour-of-Day Mean,3352291.4113333337
268,http,3041679.904999999,2391436.03,3367212.3590863477,3058319.0122521697,Historical Hour-of-Day Mean,3384070.0336991865
268,orchestration,596873.2099999998,689481.209,721833.585860301,779989.9874542655,Historical Hour-of-Day Mean,786975.8331666668
268,others,28087.99,2544273.8630000004,4672881.587039439,170898.18110248365,Historical Hour-of-Day Mean,14365.141166666666
268,queue,18777746.328,18202149.048,17781705.996939212,18398464.912864685,Historical Hour-of-Day Mean,23409383.679
268,storage,658411.1199999999,578175.1960000001,378305.6185179305,769239.8092909934,Historical Hour-of-Day Mean,378616.6601666666
268,timer,1167125.779,1211233.0969999996,1185827.6566656022,1183688.4556801282,Historical Hour-of-Day Mean,1112323.709611111
269,event,1708389.6160000004,1285245.058,1895824.826777288,1719705.55731509,Historical Hour-of-Day Mean,2722920.472833333
269,http,2821967.586999999,2442581.1810000013,3455361.8798392406,2863095.3593489723,Historical Hour-of-Day Mean,3559104.281055083
269,orchestration,556103.8020000001,585336.8919999999,673608.184405042,814272.9028835827,Historical Hour-of-Day Mean,545403.2395
269,others,18824.749,2937041.475000001,5397708.630284911,323484.25959115865,Historical Hour-of-Day Mean,11014.912333333332
269,queue,21342929.008000005,21399338.048,18094326.58475594,19405028.1993313,Historical Hour-of-Day Mean,23536400.3105
269,storage,731840.6569999998,872837.5659999999,369707.08422496135,789472.5461955845,Historical Hour-of-Day Mean,422607.706
269,timer,1142470.5480000002,1224714.676,1187843.1544629107,1210011.33802359,Historical Hour-of-Day Mean,1108115.1472777778
270,event,1687477.7269999995,1422741.2119999998,1920474.940600651,1739497.949677325,Historical Hour-of-Day Mean,2997536.7735
270,http,2575360.488999999,2621150.987,3530883.1186008267,3131866.03841818,Historical Hour-of-Day Mean,4908901.061474602
270,orchestration,645171.2580000001,598445.7469999997,674668.217489521,739894.8795832478,Historical Hour-of-Day Mean,545923.3289999999
270,others,30239.63299999999,3313018.1950000008,6091229.817780871,430685.4154544453,Historical Hour-of-Day Mean,15912.373666666668
270,queue,21762492.474,24465127.2,17459650.601992413,19552222.44160429,Historical Hour-of-Day Mean,21927592.69116668
270,storage,678753.108,559840.294,371890.3142519333,857406.0978541719,Historical Hour-of-Day Mean,659521.685
270,timer,1172825.912,1267421.694,1228347.5139639217,1231904.0693453136,Historical Hour-of-Day Mean,1141921.3539444443
271,event,1705547.24,1441121.65,1901920.818142352,1548292.4293458522,Historical Hour-of-Day Mean,2967596.981666667
271,http,2489934.6200000006,2905830.9250000026,3596406.1894791643,2944238.933275501,Historical Hour-of-Day Mean,4582646.942625149
271,orchestration,621427.582,661759.3609999999,699528.2138638018,700006.7326611491,Historical Hour-of-Day Mean,610638.8848333334
271,others,22130.187,3443759.7580000004,6338560.634560441,776862.220464208,Historical Hour-of-Day Mean,17017.087833333328
271,queue,22532949.255000003,24640741.513000008,16816334.824954934,19680119.12119208,Historical Hour-of-Day Mean,19488523.5475
271,storage,543570.6950000002,280614.28,374706.78051253816,715306.3339992668,Historical Hour-of-Day Mean,384408.2333333332
271,timer,1160499.496,1176398.0599999998,1176691.4523905448,1179211.871141928,Historical Hour-of-Day Mean,1107794.8359444444
272,event,1854864.936,1492683.468,1897409.456712501,1509424.0127144868,Historical Hour-of-Day Mean,2848593.065166667
272,http,2522986.9219999984,2768580.464,3649368.092301132,2806791.7864569486,Historical Hour-of-Day Mean,4775598.725387042
272,orchestration,923697.1859999998,926817.844,765018.1532892236,839991.2619207612,Historical Hour-of-Day Mean,623591.4478333333
272,others,44572.514,3610355.2990000006,6650318.846986356,1618751.1610043892,Historical Hour-of-Day Mean,17554.05733333333
272,queue,21067121.308,20892436.821,16938373.128412142,19449945.152453493,Historical Hour-of-Day Mean,19284979.825
272,storage,605371.218,271694.208,374237.2952972632,700003.139746346,Historical Hour-of-Day Mean,298385.57300000003
272,timer,1166349.5620000002,1212945.457,1197911.795136163,1215282.213330948,Historical Hour-of-Day Mean,1116797.6591111112
273,event,1882306.811,1450623.0529999998,1885542.675957075,1528702.8369934538,Historical Hour-of-Day Mean,2778672.2901666667
273,http,6412531.309999999,2496483.170000002,3692642.536966161,2758740.587057492,Historical Hour-of-Day Mean,5164695.556337338
273,orchestration,691147.3080000001,828452.9310000001,735488.3047442704,871911.9395222905,Historical Hour-of-Day Mean,719158.3563333334
273,others,29171.351,3498546.64,6455741.465493683,2329174.1140549374,Historical Hour-of-Day Mean,13351.163333333336
273,queue,20216858.216,20823690.048,17117208.460068766,18227586.15734354,Historical Hour-of-Day Mean,19681225.020666663
273,storage,690078.296,401292.852,372116.51042902673,750202.7898907328,Historical Hour-of-Day Mean,296262.53
273,timer,1151218.4850000003,1144340.885,1167216.3097065762,1233030.9946713278,Historical Hour-of-Day Mean,1107063.9274444445
274,event,1914907.367,1444068.688,1878716.803673101,1647987.392452713,Historical Hour-of-Day Mean,3184056.8526666667
274,http,2618658.922,2497209.049705884,3731601.930201176,2472045.9857462547,Historical Hour-of-Day Mean,4317330.723801612
274,orchestration,655505.002,707479.962,712220.3926675846,822066.4559424456,Historical Hour-of-Day Mean,672409.8168333332
274,others,27672.917,3765197.719000001,6947988.884035253,2614902.989054348,Historical Hour-of-Day Mean,25474.717499999995
274,queue,19787340.13,19495598.510999992,17768075.266681932,18291755.00561533,Historical Hour-of-Day Mean,20644072.159333333
274,storage,585340.993,599702.778,369133.8036154565,840960.9009389175,Historical Hour-of-Day Mean,291543.4921666667
274,timer,1157556.7100000002,1165792.3239999998,1182492.1105967658,1183254.842078567,Historical Hour-of-Day Mean,1114860.674111111
275,event,1807752.159,2120539.012999999,1887554.358979032,1849761.1166879197,Historical Hour-of-Day Mean,3107888.8745000004
275,http,3552317.445,2675215.0064117634,3765965.7536587208,2253801.603160097,Historical Hour-of-Day Mean,4319734.323595366
275,orchestration,652946.5360000001,800980.686,733318.9526050178,865091.0975692072,Historical Hour-of-Day Mean,702831.8125
275,others,13386.926,3644141.4020000007,6735452.956629573,3184535.528538425,Historical Hour-of-Day Mean,8749.4585
275,queue,18811072.699,17855361.771999996,17493398.869787537,18203805.92448324,Historical Hour-of-Day Mean,19154499.907166667
275,storage,553952.7099999998,409761.197,371812.1156352917,766962.2644671935,Historical Hour-of-Day Mean,405692.6025
275,timer,1151364.4510000004,1170116.5979999995,1175590.412052811,1198241.7428700605,Historical Hour-of-Day Mean,1108215.0686111113
276,event,2330500.924,1932288.582,1917611.5804985936,1689819.1700761472,Historical Hour-of-Day Mean,3220396.4166666665
276,http,3004097.891999999,3313144.699285711,3798629.472295397,2469573.112023555,Historical Hour-of-Day Mean,4428467.789523444
276,orchestration,752067.9859999999,806403.129,730239.0415529162,891421.7780016572,Historical Hour-of-Day Mean,718247.0393333333
276,others,22968.51299999999,3872550.06,7157158.4628230175,3799586.97198119,Historical Hour-of-Day Mean,12485.08916666667
276,queue,19377497.300999995,19724386.186,17358108.572587226,17831069.84687057,Historical Hour-of-Day Mean,19612614.83283333
276,storage,563372.5609999999,475239.4029999999,370849.8095621116,850569.4006500851,Historical Hour-of-Day Mean,430063.6108333333
276,timer,1202203.946,1230776.478,1228335.291913548,1262359.4008538467,Historical Hour-of-Day Mean,1146898.7049444446
277,event,2521851.901,1893801.167,1915755.5660401213,1779571.6005225985,Historical Hour-of-Day Mean,3549925.667666666
277,http,3181646.426,2991448.4108823547,3819877.5511640566,2546555.601527901,Historical Hour-of-Day Mean,4754018.572635417
277,orchestration,848806.5660000001,745119.8219999999,714760.2895333263,902479.077961922,Historical Hour-of-Day Mean,796191.3533333332
277,others,28174.137999999995,538504.524,1107610.098738714,3664267.6393417297,Historical Hour-of-Day Mean,10273.348999999998
277,queue,19220791.065,20839835.427000016,18185781.14723825,17992612.549142987,Historical Hour-of-Day Mean,21883293.76733333
277,storage,562374.0640000001,433215.679,371400.7374227208,696660.990839125,Historical Hour-of-Day Mean,456406.47866666666
277,timer,1147238.4370000002,1169544.616,1171819.0808384162,1154286.0459121026,Historical Hour-of-Day Mean,1105194.9211111113
278,event,2637938.484,1762015.0510000002,1918717.152701618,1783091.6633209907,Historical Hour-of-Day Mean,3674122.966
278,http,3238885.197999997,2960205.8110000007,3839781.608684746,2599310.2912818883,Historical Hour-of-Day Mean,4300566.923314941
278,orchestration,839094.588,698115.5619999999,699096.8783685096,843954.9301784389,Historical Hour-of-Day Mean,727680.0116666666
278,others,19432.235,5454.312000000001,145285.00470869016,3514109.432294442,Historical Hour-of-Day Mean,35563.56799999999
278,queue,20084674.508999992,18770106.2,18805783.226804964,18476585.60763301,Historical Hour-of-Day Mean,24577134.31633333
278,storage,552450.6990000001,442109.151,371283.05725590896,778513.6114684929,Historical Hour-of-Day Mean,416818.4581607143
278,timer,1161202.2330000002,1170057.0780000002,1184665.527131282,1185852.3860546518,Historical Hour-of-Day Mean,1116155.2786111112
279,event,2495047.7339999992,1741953.2579999997,1928481.5913222732,1775383.1417535783,Historical Hour-of-Day Mean,3739747.304166666
279,http,3089224.521,2801468.712000001,3855520.2139133774,2616914.517861519,Historical Hour-of-Day Mean,4053491.231576955
279,orchestration,1421439.0469999998,947918.509,762441.0633223632,878919.078081968,Historical Hour-of-Day Mean,841170.5236666667
279,others,10764.37,2949.163000000001,146214.29331922918,3645061.5725871054,Historical Hour-of-Day Mean,18890.03983333333
279,queue,21063082.719,18498779.813000005,18360603.457012307,18158203.33188736,Historical Hour-of-Day Mean,22573053.612333328
279,storage,549657.637,469540.867,370892.5842225018,768574.3916555408,Historical Hour-of-Day Mean,357322.8954404762
279,timer,1154963.3880000005,1176165.806999999,1183688.5409367557,1231626.2958909173,Historical Hour-of-Day Mean,1108994.7480555556
280,event,2462803.663,1660531.5639999993,1923081.184236039,1804652.5511519213,Historical Hour-of-Day Mean,3653876.3828333337
280,http,2892523.978000001,2764572.652,3870188.364322359,2577428.857254704,Historical Hour-of-Day Mean,3727964.245333334
280,orchestration,731866.1540000001,1265175.9990000003,845890.395881592,925194.100908216,Historical Hour-of-Day Mean,819218.5948333334
280,others,11869.53,1443.6,148571.61016889874,3497428.247116123,Historical Hour-of-Day Mean,13042.288666666667
280,queue,20177520.416,18221064.140000008,18211299.440824084,18063090.753351152,Historical Hour-of-Day Mean,21314353.31383333
280,storage,591770.5239999999,495283.03900000016,370506.277134477,805024.7972773043,Historical Hour-of-Day Mean,301401.5805
280,timer,1156551.397,1169375.291,1189609.994613574,1168310.215193376,Historical Hour-of-Day Mean,1117695.744777778
281,event,2376126.6779999994,1694245.508,2033331.5711921277,1874900.806114269,Historical Hour-of-Day Mean,4885702.255
281,http,2894089.763,2765361.3379999995,3882606.521424348,2684300.998297378,Historical Hour-of-Day Mean,4110612.662012579
281,orchestration,648509.042,695802.7199999999,701782.3089908705,860256.5703194443,Historical Hour-of-Day Mean,695848.4401666666
281,others,7673.03,70.56400000000001,150809.46350286258,3634418.498420658,Historical Hour-of-Day Mean,8996.516666666668
281,queue,17982509.537,18047596.792000007,18240295.2227196,17894112.137720693,Historical Hour-of-Day Mean,21164688.47483333
281,storage,534547.4959999999,467004.7860000001,370898.54957994295,679693.2768260174,Historical Hour-of-Day Mean,314492.7505
281,timer,1150500.4130000004,1165257.531,1178150.891788165,1174071.2183162468,Historical Hour-of-Day Mean,1102530.3166111112
282,event,2403400.8800000004,2203178.4940000004,1910747.443551196,1943559.9809468964,Historical Hour-of-Day Mean,3314643.1328333337
282,http,3104987.897000001,2811391.6880000005,3893952.974289184,3189879.897309814,Historical Hour-of-Day Mean,5523874.017613404
282,orchestration,711021.079,639309.517,690999.369815743,853459.0876621293,Historical Hour-of-Day Mean,708356.5321666667
282,others,5289.4580000000005,114.07199999999996,155285.59383068787,3385342.3448736444,Historical Hour-of-Day Mean,19553.732333333333
282,queue,20882869.228,20262117.591,18143188.23096535,18440498.716743384,Historical Hour-of-Day Mean,21793623.28666667
282,storage,547268.5919999998,492825.41200000007,370517.364647561,769966.2425095496,Historical Hour-of-Day Mean,328607.6568154762
282,timer,1172178.103,1195457.7619999996,1220413.556310716,1271611.621207863,Historical Hour-of-Day Mean,1127586.0086111112
283,event,2403143.3630000004,2577700.508,1935300.075347321,1974511.3354702028,Historical Hour-of-Day Mean,3746488.2156666666
283,http,3198231.496999999,2813843.1050000004,3902840.161066669,3286183.491039307,Historical Hour-of-Day Mean,4821042.069921383
283,orchestration,667078.152,626422.6630000002,686092.5608058559,781843.098733454,Historical Hour-of-Day Mean,678722.3426666666
283,others,4155.241,20.014000000000003,159200.82213887092,2808172.745176999,Historical Hour-of-Day Mean,18888.628166666665
283,queue,19234437.195,18668418.195,17855152.952660527,18048351.108512584,Historical Hour-of-Day Mean,20303658.903666664
283,storage,530607.5650000001,414117.3710000001,371649.124998462,739822.2092755884,Historical Hour-of-Day Mean,307971.3074821429
283,timer,1145788.283,1174642.2989999996,1182022.909586476,1142136.6709195462,Historical Hour-of-Day Mean,1103952.485777778
284,event,2384845.441,2377579.82,1930004.645661592,2041293.282879382,Historical Hour-of-Day Mean,4135751.544
284,http,2937183.214,2708813.3492857134,3909703.48910977,3331573.902069831,Historical Hour-of-Day Mean,5466745.91679245
284,orchestration,713968.4699999999,807750.1419999999,727028.7058127461,858160.1671372198,Historical Hour-of-Day Mean,747394.5756666666
284,others,3820.61,33.696,163022.71811379213,2823269.5307165743,Historical Hour-of-Day Mean,5944.792
284,queue,18411481.710999995,18146207.032,17687958.289194588,17832219.40600522,Historical Hour-of-Day Mean,19574622.671666663
284,storage,511029.76699999993,413580.391,371651.9988482805,765947.2524574217,Historical Hour-of-Day Mean,302880.4942142857
284,timer,1166914.5310000004,1183445.5279999997,1196333.40779958,1175558.5381577634,Historical Hour-of-Day Mean,1116975.208277778
285,event,2367171.5840000003,2614029.415,1858716.95455976,2056700.2443356528,Historical Hour-of-Day Mean,2950910.8795
285,http,2904557.4779999987,3204993.134571429,3919610.5623582345,3424316.3911177088,Historical Hour-of-Day Mean,6175781.424798456
285,orchestration,1089393.299,824923.2190000002,727500.4959637467,860352.2513925696,Historical Hour-of-Day Mean,858920.0331666666
285,others,2744.414,446.789,167301.5116772754,2548481.748597315,Historical Hour-of-Day Mean,640.3588333333333
285,queue,21281874.904,16331887.210000005,17651025.560486678,17812356.174140908,Historical Hour-of-Day Mean,19404104.726166666
285,storage,460893.46200000006,380881.45000000007,372119.983573098,759456.8707433722,Historical Hour-of-Day Mean,277795.0475535714
285,timer,1152052.3290000004,1169324.041,1185196.2138129394,1225368.7743499854,Historical Hour-of-Day Mean,1105044.332777778
286,event,2506717.722,2199801.474,1872655.204401076,1933778.5301560112,Historical Hour-of-Day Mean,3045548.6905000005
286,http,2675732.581,2651705.311857143,3921097.833007194,3359269.4316184605,Historical Hour-of-Day Mean,5783517.062468838
286,orchestration,885249.6880000002,984435.929,771124.1399370673,870490.8502566657,Historical Hour-of-Day Mean,864326.418
286,others,3089.0550000000003,8063.622,184415.44889295415,2067034.2615480523,Historical Hour-of-Day Mean,5594.0718333333325
286,queue,27588240.311999988,17721705.650000002,17644991.17747043,17102047.609264266,Historical Hour-of-Day Mean,19349370.460166663
286,storage,482526.734,521254.808,370075.5949304996,783203.0974528742,Historical Hour-of-Day Mean,279496.10583333333
286,timer,1141022.7010000006,1164780.2139999997,1185213.1838314016,1196251.8816164655,Historical Hour-of-Day Mean,1108186.319111111
287,event,2259312.990999999,2185732.264,1869227.5008648797,1783570.5210880795,Historical Hour-of-Day Mean,2916121.114333334
287,http,2566440.7240000004,2629430.7009999985,3925633.200262688,3269976.5619953107,Historical Hour-of-Day Mean,5657966.819528303
287,orchestration,843178.858,806707.0400000002,732535.2666005348,871913.3316068101,Historical Hour-of-Day Mean,779359.4298333334
287,others,3092.251,6050.125000000001,183805.11479543397,2032166.0473711733,Historical Hour-of-Day Mean,12711.007333333337
287,queue,24561674.864,16313325.227000002,17625106.342557088,17311987.08676188,Historical Hour-of-Day Mean,19326617.615166668
287,storage,447236.90599999984,647190.632,368319.8671833066,763768.2828037548,Historical Hour-of-Day Mean,268397.8406666667
287,timer,1125429.367,1167263.3539999998,1189713.7854727886,1180796.174321616,Historical Hour-of-Day Mean,1113397.9082777775
288,event,2247887.4460000005,1879749.836,2192755.4300212534,2474613.6780034727,Historical Hour-of-Day Mean,3271193.469833333
288,http,3906155.012000002,2805230.9999999995,2770465.36493875,2668614.9380096733,Historical Hour-of-Day Mean,3651880.327166667
288,orchestration,861925.1639999999,878936.4619999998,768152.5296720128,806417.8628184394,Historical Hour-of-Day Mean,845788.5836666668
288,others,3299.238,25593.528,17589.397551467064,209334.9322175731,Historical Hour-of-Day Mean,15827.451333333333
288,queue,23375016.570999995,19161301.273,23505839.26827088,22376329.1322442,Historical Hour-of-Day Mean,19464080.44183333
288,storage,502060.1940000001,663917.026,427701.3655469159,529997.2821180737,Historical Hour-of-Day Mean,287168.5098333334
288,timer,1171331.664,1220536.8009999995,1200181.2638504552,1198244.9016514383,Historical Hour-of-Day Mean,1171078.0997777777
289,event,2069501.96,1649133.4399999997,2115111.2474256414,2281847.9170370763,Historical Hour-of-Day Mean,2957774.7973333336
289,http,4577613.125000003,2773144.2549999985,2941298.613257801,2627696.764847188,Historical Hour-of-Day Mean,3580844.757333333
289,orchestration,700438.1150000001,640961.9430000001,736031.722515962,691191.7334384314,Historical Hour-of-Day Mean,613518.6883333334
289,others,3171.9939999999992,24491.939,30919.038615613103,266739.3216613868,Historical Hour-of-Day Mean,14364.2605
289,queue,20773481.864,20380915.816,23986455.68210175,23491599.016928434,Historical Hour-of-Day Mean,24730571.8335
289,storage,447325.40900000016,683782.8939999999,416845.40524232766,487213.02982332726,Historical Hour-of-Day Mean,365171.5113869048
289,timer,1112879.1419999998,1164943.6120000002,1141789.6956175235,1177625.1972434518,Historical Hour-of-Day Mean,1114079.032777778
290,event,2003520.7650000004,1630536.708,2013834.575776597,2426139.608775983,Historical Hour-of-Day Mean,2416068.0741666667
290,http,4766545.837000002,2876841.1250000005,3085464.681269937,2958470.7741389563,Historical Hour-of-Day Mean,3403175.295666667
290,orchestration,638472.4130000001,558945.896,670678.0269755685,566594.374775333,Historical Hour-of-Day Mean,554714.6015
290,others,4047.153999999999,26524.62799999999,43379.29155857797,273798.2994830771,Historical Hour-of-Day Mean,14042.8525
290,queue,18236817.513,20076510.594000004,24195003.11221879,24540428.5518814,Historical Hour-of-Day Mean,28182282.8325
290,storage,432039.471,647814.659,410087.2261935946,486032.90594145714,Historical Hour-of-Day Mean,345648.1795
290,timer,1130438.917,1177979.4790000005,1163793.748247173,1175631.7717774035,Historical Hour-of-Day Mean,1122373.9734444446
291,event,1991884.497,1635184.665,1996814.2607905937,2282872.717412848,Historical Hour-of-Day Mean,2894105.4673333336
291,http,3805490.162,2510917.6620000005,3204430.843910658,2850497.585769237,Historical Hour-of-Day Mean,3292338.698333333
291,orchestration,729720.619,530922.37,682164.5558856877,650664.4367838211,Historical Hour-of-Day Mean,554632.6036666667
291,others,3163.7180000000003,23785.417999999994,54953.42154085152,249241.2133724082,Historical Hour-of-Day Mean,11975.072333333332
291,queue,16540401.018999996,18671366.706000004,23434626.66798712,23008629.13886759,Historical Hour-of-Day Mean,26478017.505166665
291,storage,402955.65700000006,677917.061,406933.01398060366,518730.18420825736,Historical Hour-of-Day Mean,401579.89166666666
291,timer,1117479.627,1165076.466,1142173.7502662544,1157122.9055023924,Historical Hour-of-Day Mean,1108846.8779444443
292,event,2106801.114,1651793.4330000002,1947792.667692971,2517398.3249674686,Historical Hour-of-Day Mean,3352291.4113333337
292,http,3079319.963,3041679.904999999,3308446.921593353,2865710.1045141737,Historical Hour-of-Day Mean,3384070.0336991865
292,orchestration,596250.8790000001,596873.2099999998,676077.9774307683,719775.000813996,Historical Hour-of-Day Mean,786975.8331666668
292,others,8319.973000000002,28087.99,65813.81385442645,255023.65133776283,Historical Hour-of-Day Mean,14365.141166666666
292,queue,16850461.316,18777746.328,22340998.67445652,20715106.009013936,Historical Hour-of-Day Mean,23409383.679
292,storage,730523.5100000001,658411.1199999999,404716.0214573483,529013.6193524972,Historical Hour-of-Day Mean,378616.6601666666
292,timer,1117916.487,1167125.779,1150562.2453600378,1147520.527174011,Historical Hour-of-Day Mean,1112323.709611111
293,event,2211446.576,1708389.6160000004,1929782.1680652876,2270426.05747484,Historical Hour-of-Day Mean,2722920.472833333
293,http,3239315.9459999995,2821967.586999999,3392636.17865688,2950382.3868323592,Historical Hour-of-Day Mean,3559104.281055083
293,orchestration,614871.2619999999,556103.8020000001,686326.9071531926,737640.3235224528,Historical Hour-of-Day Mean,545403.2395
293,others,5015.284,18824.748999999996,75811.3647830232,256501.80259277855,Historical Hour-of-Day Mean,11014.912333333332
293,queue,18611496.74099999,21342929.008000005,22027210.343908563,20893093.563253425,Historical Hour-of-Day Mean,23536400.3105
293,storage,532113.041,731840.6569999998,404603.5550065268,563412.5719677022,Historical Hour-of-Day Mean,422607.706
293,timer,1111510.648,1142470.5480000002,1148503.1164698042,1141400.939950885,Historical Hour-of-Day Mean,1108115.1472777778
294,event,2119708.894,1687477.7269999995,1956576.4297559897,2541735.928214333,Historical Hour-of-Day Mean,2997536.7735
294,http,4298933.708999998,2575360.488999999,3463059.2051730994,3085567.1249736585,Historical Hour-of-Day Mean,4908901.061474602
294,orchestration,555638.2899999998,645171.2580000001,695710.9298064734,836158.9677760303,Historical Hour-of-Day Mean,545923.3289999999
294,others,8012.164999999999,30239.63299999999,85330.84974979304,180743.98094323365,Historical Hour-of-Day Mean,15912.373666666668
294,queue,16750325.329000002,21762492.474,21173858.10952815,19790389.94206737,Historical Hour-of-Day Mean,21927592.69116668
294,storage,390466.7520000001,678753.108,403228.6867233216,638852.0702152203,Historical Hour-of-Day Mean,659521.685
294,timer,1135457.523,1172825.912,1189017.1104684146,1210821.4107982926,Historical Hour-of-Day Mean,1141921.3539444443
295,event,2156785.9480000003,1705547.24,1932367.2906219105,2574709.418957809,Historical Hour-of-Day Mean,2967596.981666667
295,http,4103796.294,2489934.6200000006,3522765.981600335,3181019.805600722,Historical Hour-of-Day Mean,4582646.942625149
295,orchestration,609091.595,621427.582,697009.4181335653,813104.5305853946,Historical Hour-of-Day Mean,610638.8848333334
295,others,4381.653,22130.187,94024.28584772034,173683.11088465413,Historical Hour-of-Day Mean,17017.087833333328
295,queue,18134587.434,22532949.255000003,20315118.39591787,19819706.70122301,Historical Hour-of-Day Mean,19488523.5475
295,storage,463507.934,543570.6950000002,401055.3872413312,748430.7371780593,Historical Hour-of-Day Mean,384408.2333333332
295,timer,1110884.904,1160499.496,1151159.0685652397,1137639.6275351946,Historical Hour-of-Day Mean,1107794.8359444444
296,event,2115122.988,1854864.936,1921094.8855612788,2580908.4958148533,Historical Hour-of-Day Mean,2848593.065166667
296,http,3626835.3042000006,2522986.9219999984,3573580.042966304,2883233.16461989,Historical Hour-of-Day Mean,4775598.725387042
296,orchestration,647486.6649999998,923697.1859999998,761659.9671494252,923959.851100126,Historical Hour-of-Day Mean,623591.4478333333
296,others,7573.463000000002,44572.514,102425.15252877356,213476.52394767423,Historical Hour-of-Day Mean,17554.05733333333
296,queue,17402331.995,21067121.308,20132089.61805245,18955274.28341557,Historical Hour-of-Day Mean,19284979.825
296,storage,458034.5160000001,605371.218,401666.26830563607,618430.673075001,Historical Hour-of-Day Mean,298385.57300000003
296,timer,1108317.9669999997,1166349.5620000002,1166898.4739056968,1178469.421909163,Historical Hour-of-Day Mean,1116797.6591111112
297,event,2087602.154,1882306.811,1910595.5706758397,2521854.5513085644,Historical Hour-of-Day Mean,2778672.2901666667
297,http,3498823.4347999985,6412531.309999999,3634966.953581519,2863118.895316182,Historical Hour-of-Day Mean,5164695.556337338
297,orchestration,634169.6479999999,691147.3080000001,709277.7902221666,845000.6735662257,Historical Hour-of-Day Mean,719158.3563333334
297,others,4800.468,29171.351,109903.2417781235,193012.9505887384,Historical Hour-of-Day Mean,13351.163333333336
297,queue,16568226.386,20216858.216,20075336.554430038,18166770.440282505,Historical Hour-of-Day Mean,19681225.020666663
297,storage,367530.7780000001,690078.296,402685.8036098865,749392.1433296982,Historical Hour-of-Day Mean,296262.53
297,timer,1096146.184,1151218.4850000003,1149106.0483951478,1167530.3836659435,Historical Hour-of-Day Mean,1107063.9274444445
298,event,2104498.113,1914907.367,1864192.7670358792,2766883.933833607,Historical Hour-of-Day Mean,3184056.8526666667
298,http,3293011.385999999,2618658.922,3652435.4841968697,3104680.6816142728,Historical Hour-of-Day Mean,4317330.723801612
298,orchestration,645932.8009999997,655505.002,696865.8406333354,816858.1955285759,Historical Hour-of-Day Mean,672409.8168333332
298,others,7901.997,27672.916999999998,117002.8127920993,187969.78570681257,Historical Hour-of-Day Mean,25474.717499999995
298,queue,17766121.490000002,19787340.13,20362223.229917098,20049800.165084276,Historical Hour-of-Day Mean,20644072.159333333
298,storage,332097.70700000005,585340.993,401274.7897387707,703595.4507727358,Historical Hour-of-Day Mean,291543.4921666667
298,timer,1099253.611,1157556.7100000002,1161618.076110903,1167597.3355144002,Historical Hour-of-Day Mean,1114860.674111111
299,event,2091553.437,1807752.159,1867180.1377847963,2820366.281685701,Historical Hour-of-Day Mean,3107888.8745000004
299,http,3145837.2099999995,3552317.445,3686909.6159231984,3156814.6681709355,Historical Hour-of-Day Mean,4319734.323595366
299,orchestration,604981.3849999999,652946.5360000001,698060.5871467863,813935.8015776951,Historical Hour-of-Day Mean,702831.8125
299,others,4461.24,13386.926,123497.0808526388,184996.1778969732,Historical Hour-of-Day Mean,8749.4585
299,queue,15666445.994,18811072.698999997,19970458.78973032,20083149.508356337,Historical Hour-of-Day Mean,19154499.907166667
299,storage,318435.61100000003,553952.7099999998,400798.17013374914,729251.5779173964,Historical Hour-of-Day Mean,405692.6025
299,timer,1100854.379,1151364.4510000004,1155581.6734843228,1149314.9026109497,Historical Hour-of-Day Mean,1108215.0686111113
300,event,2099025.271,2330500.924,1891747.9855382936,3217521.229411287,Historical Hour-of-Day Mean,3220396.4166666665
300,http,3164816.8529999987,3004097.891999999,3709292.816979252,3226525.838063908,Historical Hour-of-Day Mean,4428467.789523444
300,orchestration,603050.337,752067.9859999999,721523.4655550191,862383.1836831295,Historical Hour-of-Day Mean,718247.0393333333
300,others,8827.585000000003,22968.51299999999,129777.58461886548,196846.1296752657,Historical Hour-of-Day Mean,12485.08916666667
300,queue,16968158.313000005,19377497.300999995,19743974.931914117,19699739.05335961,Historical Hour-of-Day Mean,19612614.83283333
300,storage,873682.5890000003,563372.5609999999,400911.3911265236,713287.6405352132,Historical Hour-of-Day Mean,430063.6108333333
300,timer,1131388.069,1202203.946,1205154.0021538052,1204206.080436071,Historical Hour-of-Day Mean,1146898.7049444446
301,event,2086194.764,2521851.901,1855928.2894876616,3189634.6659622947,Historical Hour-of-Day Mean,3549925.667666666
301,http,3982588.8900000015,3181646.426,3731490.8340929416,3314318.1178160426,Historical Hour-of-Day Mean,4754018.572635417
301,orchestration,593542.73,848806.5660000001,752581.4357376867,864902.862584191,Historical Hour-of-Day Mean,796191.3533333332
301,others,4126.545999999999,28174.137999999995,135597.79190445555,221212.60424572055,Historical Hour-of-Day Mean,10273.348999999998
301,queue,16389203.285999998,19220791.064999998,20250995.184833832,19379465.802529164,Historical Hour-of-Day Mean,21883293.76733333
301,storage,5919029.226,562374.0640000001,400880.92332003015,756655.9491884204,Historical Hour-of-Day Mean,456406.47866666666
301,timer,1094173.2429999998,1147238.4370000002,1154473.7128611095,1149027.7517870115,Historical Hour-of-Day Mean,1105194.9211111113
302,event,2155257.7639999995,2637938.484,1844571.992276117,3188070.7815778456,Historical Hour-of-Day Mean,3674122.966
302,http,4304899.1120000025,3238885.197999997,3749615.0284557226,3491247.164460388,Historical Hour-of-Day Mean,4300566.923314941
302,orchestration,748260.0419999999,839094.588,749441.1189675914,865470.5384253485,Historical Hour-of-Day Mean,727680.0116666666
302,others,4949.256999999998,19432.235,140892.08320098033,229051.3862417605,Historical Hour-of-Day Mean,35563.56799999999
302,queue,15497251.558,20084674.508999992,20616107.17086658,20514419.098730728,Historical Hour-of-Day Mean,24577134.31633333
302,storage,9939103.041000005,552450.6990000001,400745.2683161823,704424.7068692138,Historical Hour-of-Day Mean,416818.4581607143
302,timer,1115816.3990000002,1161202.2330000002,1168934.5485090693,1178417.6405749463,Historical Hour-of-Day Mean,1116155.2786111112
303,event,2192493.534,2495047.7339999992,1872778.9207338917,3264500.310667006,Historical Hour-of-Day Mean,3739747.304166666
303,http,4328251.892999998,3089224.5209999997,3763950.464283784,3501466.9473801698,Historical Hour-of-Day Mean,4053491.231576955
303,orchestration,615083.4050000001,1421439.0469999998,901189.1115899596,902048.0512481676,Historical Hour-of-Day Mean,841170.5236666667
303,others,3205.18,10764.37,145824.10731387237,229650.25450920413,Historical Hour-of-Day Mean,18890.03983333333
303,queue,15782563.613,21063082.718999997,20096476.85583666,19945675.57312271,Historical Hour-of-Day Mean,22573053.612333328
303,storage,8418239.113999998,549657.637,400708.94796742,755165.535485392,Historical Hour-of-Day Mean,357322.8954404762
303,timer,1112821.9369999997,1154963.3880000005,1165472.0378354462,1172223.508995005,Historical Hour-of-Day Mean,1108994.7480555556
304,event,2217916.504,2462803.663,1867396.0345082376,3308540.6020134497,Historical Hour-of-Day Mean,3653876.3828333337
304,http,3911629.572,2892523.978000001,3775597.000817007,3627210.684499194,Historical Hour-of-Day Mean,3727964.245333334
304,orchestration,588402.7540000001,731866.1540000001,702731.9975171437,844350.5697516968,Historical Hour-of-Day Mean,819218.5948333334
304,others,4068.7129999999993,11869.53,150513.3878095383,229650.25450920413,Historical Hour-of-Day Mean,13042.288666666667
304,queue,15088629.526000002,20177520.416,19892198.01469825,19060077.25744145,Historical Hour-of-Day Mean,21314353.31383333
304,storage,9852458.471000005,591770.5239999999,401264.361139528,710556.1193681112,Historical Hour-of-Day Mean,301401.5805
304,timer,1108186.209,1156551.397,1173557.2717396263,1174760.408399105,Historical Hour-of-Day Mean,1117695.744777778
305,event,2159168.152,2376126.6779999994,1989444.438367347,3293363.0798586565,Historical Hour-of-Day Mean,4885702.255
305,http,4017473.022,2894089.763,3786189.5412147744,3854824.480247962,Historical Hour-of-Day Mean,4110612.662012579
305,orchestration,568391.5549999999,648509.042,699143.1530039978,746775.1537131369,Historical Hour-of-Day Mean,695848.4401666666
305,others,2641.154,7673.03,154835.06010951486,202798.75561923417,Historical Hour-of-Day Mean,8996.516666666668
305,queue,15219962.76,17982509.537,19923240.902077924,18527109.23295208,Historical Hour-of-Day Mean,21164688.47483333
305,storage,8654544.593000004,534547.4959999999,400506.9686546621,704085.7608086867,Historical Hour-of-Day Mean,314492.7505
305,timer,1091710.595,1150500.4130000004,1161884.8029667223,1151350.8663879836,Historical Hour-of-Day Mean,1102530.3166111112
306,event,2660996.146,2403400.8800000004,1855958.3613331737,3472587.3982826984,Historical Hour-of-Day Mean,3314643.1328333337
306,http,5470042.204000002,3104987.897000001,3796066.952502204,4100843.7854775535,Historical Hour-of-Day Mean,5523874.017613404
306,orchestration,600847.6479999998,711021.079,716482.8762462127,845162.1335747803,Historical Hour-of-Day Mean,708356.5321666667
306,others,1298.9800000000002,5289.4580000000005,158880.13202767042,261544.77319294988,Historical Hour-of-Day Mean,19553.732333333333
306,queue,16381228.432999996,20882869.228,19707538.481927518,19201290.85590757,Historical Hour-of-Day Mean,21793623.28666667
306,storage,9695761.482,547268.5919999998,400677.4160215657,793651.1684709952,Historical Hour-of-Day Mean,328607.6568154762
306,timer,1118682.296,1172178.103,1197525.57601107,1254058.2092668957,Historical Hour-of-Day Mean,1127586.0086111112
307,event,2428521.538,2403143.3630000004,1857320.9692838625,3336439.811553805,Historical Hour-of-Day Mean,3746488.2156666666
307,http,5798427.428999998,3198231.496999999,3803994.799634004,3874394.756786325,Historical Hour-of-Day Mean,4821042.069921383
307,orchestration,594758.184,667078.152,705944.8586132547,741610.2191630254,Historical Hour-of-Day Mean,678722.3426666666
307,others,55.612,4155.241,162662.9427410217,232291.0919453936,Historical Hour-of-Day Mean,18888.628166666665
307,queue,15231012.234,19234437.195,19445368.69272808,19925861.65883098,Historical Hour-of-Day Mean,20303658.903666664
307,storage,8098091.434000001,530607.5650000001,400446.4115328399,607233.9626099311,Historical Hour-of-Day Mean,307971.3074821429
307,timer,1099265.868,1145788.283,1164754.2901778298,1179186.413782589,Historical Hour-of-Day Mean,1103952.485777778
308,event,2561852.658,2384845.441,1816049.239620524,3297236.8059954327,Historical Hour-of-Day Mean,4135751.544
308,http,4164541.925999999,2937183.214,3809057.226979223,3327558.337021869,Historical Hour-of-Day Mean,5466745.91679245
308,orchestration,602147.7129999999,713968.4699999999,712886.2943514916,779294.3528792018,Historical Hour-of-Day Mean,747394.5756666666
308,others,83.945,3820.61,166197.6064335754,233482.0209499197,Historical Hour-of-Day Mean,5944.792
308,queue,16590036.527000004,18411481.710999995,19285207.23521538,20054380.38456664,Historical Hour-of-Day Mean,19574622.671666663
308,storage,2076489.272,511029.76699999993,400188.8238881952,622791.591830027,Historical Hour-of-Day Mean,302880.4942142857
308,timer,1104697.554,1166914.5310000004,1181167.5897525195,1181760.052306719,Historical Hour-of-Day Mean,1116975.208277778
309,event,2267347.938,2367171.5840000003,1775639.8124894977,3254508.5849251403,Historical Hour-of-Day Mean,2950910.8795
309,http,4535600.928000001,2904557.4779999987,3814013.279576316,3433774.6628837003,Historical Hour-of-Day Mean,6175781.424798456
309,orchestration,770654.7159999999,1089393.299,814911.709720815,842566.257917821,Historical Hour-of-Day Mean,858920.0331666666
309,others,54.737,2744.414,169486.2941429135,250620.39549278453,Historical Hour-of-Day Mean,640.3588333333333
309,queue,14412157.647999998,21281874.904,19069163.571110506,19379270.8415223,Historical Hour-of-Day Mean,19404104.726166666
309,storage,262323.53899999993,460893.46200000006,399524.8815790515,661709.3283742141,Historical Hour-of-Day Mean,277795.0475535714
309,timer,1090667.111,1152052.3290000004,1168850.470208149,1187650.5341917966,Historical Hour-of-Day Mean,1105044.332777778
310,event,2186920.473,2506717.722,1801248.9055602243,3208686.204425432,Historical Hour-of-Day Mean,3045548.6905000005
310,http,4431274.715,2675732.581,3817543.174064483,3548755.0501629254,Historical Hour-of-Day Mean,5783517.062468838
310,orchestration,800664.195,885249.6880000002,753898.9201000602,833852.2000204849,Historical Hour-of-Day Mean,864326.418
310,others,90.654,3089.0550000000003,172566.2994720488,258870.68405351776,Historical Hour-of-Day Mean,5594.0718333333325
310,queue,14971030.426,27588240.311999988,18755878.280135475,20114799.636204194,Historical Hour-of-Day Mean,19349370.460166663
310,storage,269637.862,482526.734,399830.111755127,673038.2568340988,Historical Hour-of-Day Mean,279496.10583333333
310,timer,1088401.1719999998,1141022.7010000006,1169408.738314838,1194519.072798091,Historical Hour-of-Day Mean,1108186.319111111
311,event,2164090.708,2259312.990999999,1826471.296107704,3082465.0857233405,Historical Hour-of-Day Mean,2916121.114333334
311,http,3818688.7429999993,2566440.7240000004,3820752.860146902,3267612.3606316,Historical Hour-of-Day Mean,5657966.819528303
311,orchestration,734781.6359999999,843178.858,747701.7032698643,815132.4451767458,Historical Hour-of-Day Mean,779359.4298333334
311,others,114.896,3092.251,175435.3747577812,278933.1112633835,Historical Hour-of-Day Mean,12711.007333333337
311,queue,15097432.193999996,24561674.864,18815324.21352991,20224826.75096184,Historical Hour-of-Day Mean,19326617.615166668
311,storage,256030.101,447236.90599999984,399384.4698991327,654561.2015916499,Historical Hour-of-Day Mean,268397.8406666667
311,timer,1091160.5030000005,1125429.367,1172085.5104028415,1172229.9074211312,Historical Hour-of-Day Mean,1113397.9082777775
312,event,2661721.5510000004,2247887.4460000005,2125077.790228678,2255499.9403374405,Historical Hour-of-Day Mean,3271193.469833333
312,http,4089052.917000001,3906155.012000002,3840486.596390485,4042167.631274953,Historical Hour-of-Day Mean,3651880.327166667
312,orchestration,823676.149,861925.1639999999,747307.0259313191,690024.1886621626,Historical Hour-of-Day Mean,845788.5836666668
312,others,535.8430000000001,3299.238,12898.637931090438,106544.32394822424,Historical Hour-of-Day Mean,15827.451333333333
312,queue,15393788.5,23375016.570999995,15375101.091832308,16854114.117307052,Historical Hour-of-Day Mean,19464080.44183333
312,storage,268013.12599999993,502060.1940000001,301883.37665636925,38851.420238016006,Historical Hour-of-Day Mean,287168.5098333334
312,timer,1163563.9,1171331.664,1157373.7717093928,1116455.6150707244,Historical Hour-of-Day Mean,1171078.0997777777
313,event,2370495.169,2069501.96,2086342.9250077773,2153538.240770954,Historical Hour-of-Day Mean,2957774.7973333336
313,http,3525400.605,4577613.125000003,3855561.718836748,4984085.729017055,Historical Hour-of-Day Mean,3580844.757333333
313,orchestration,704560.916,700438.1150000001,703390.6973433233,574862.7970483621,Historical Hour-of-Day Mean,613518.6883333334
313,others,393.64900000000006,3171.9939999999992,24824.09499256176,130388.51893201932,Historical Hour-of-Day Mean,14364.2605
313,queue,17676543.576999996,20773481.863999996,16484392.122672914,18318344.313622016,Historical Hour-of-Day Mean,24730571.8335
313,storage,277370.0609999999,447325.40900000016,337910.8997222448,0.0,Historical Hour-of-Day Mean,365171.5113869048
313,timer,1111882.277,1112879.1419999998,1103079.7795633655,1092384.1713065137,Historical Hour-of-Day Mean,1114079.032777778
314,event,2550889.933,2003520.7650000004,2020232.1694123545,2159343.914901363,Historical Hour-of-Day Mean,2416068.0741666667
314,http,3036493.350000002,4766545.837000002,3865415.7812529625,5314250.932769823,Historical Hour-of-Day Mean,3403175.295666667
314,orchestration,641352.0560000001,638472.4130000001,697567.9655349698,535257.9310703878,Historical Hour-of-Day Mean,554714.6015
314,others,390.843,4047.153999999999,35962.03223199293,124571.3325140538,Historical Hour-of-Day Mean,14042.8525
314,queue,18741355.677,18236817.512999997,17375682.420875747,19384172.68220594,Historical Hour-of-Day Mean,28182282.8325
314,storage,277787.802,432039.471,371936.0200357456,206861.5964585525,Historical Hour-of-Day Mean,345648.1795
314,timer,1127226.8690000002,1130438.917,1122616.9582005548,1080486.6073470109,Historical Hour-of-Day Mean,1122373.9734444446
315,event,2498615.1360000004,1991884.497,2006572.9145992969,2180290.7836372023,Historical Hour-of-Day Mean,2894105.4673333336
315,http,2349365.264,3805490.162,3865892.9958092975,5449805.076099205,Historical Hour-of-Day Mean,3292338.698333333
315,orchestration,605681.848,729720.619,712770.4618107537,501536.386242474,Historical Hour-of-Day Mean,554632.6036666667
315,others,369.425,3163.7180000000003,46337.73842696104,116705.75149665686,Historical Hour-of-Day Mean,11975.072333333332
315,queue,16131404.329999996,16540401.018999996,17403343.902837273,18053034.741570048,Historical Hour-of-Day Mean,26478017.505166665
315,storage,305411.123,402955.65700000006,401737.48489080655,356151.4645118971,Historical Hour-of-Day Mean,401579.89166666666
315,timer,1112780.896,1117479.627,1103885.9144940083,1071581.0870855665,Historical Hour-of-Day Mean,1108846.8779444443
316,event,2587370.738,2106801.114,1964044.997364626,2173603.8124895887,Historical Hour-of-Day Mean,3352291.4113333337
316,http,2439284.3749999986,3079319.963,3866325.965295816,7036427.101008009,Historical Hour-of-Day Mean,3384070.0336991865
316,orchestration,638333.8800000002,596250.8790000001,685258.2158359735,475279.64103408536,Historical Hour-of-Day Mean,786975.8331666668
316,others,431.306,8319.973000000002,56080.26767260548,116903.82142081646,Historical Hour-of-Day Mean,14365.141166666666
316,queue,15887686.372999988,16850461.316,17097765.80477025,17362383.10968975,Historical Hour-of-Day Mean,23409383.679
316,storage,396609.978,730523.5100000001,446015.2901313288,262841.11667411454,Historical Hour-of-Day Mean,378616.6601666666
316,timer,1118684.4470000002,1117916.487,1110905.3133353544,1072265.5976270828,Historical Hour-of-Day Mean,1112323.709611111
317,event,2544616.441,2211446.576,1942493.7811820784,2194634.8423011657,Historical Hour-of-Day Mean,2722920.472833333
317,http,2559263.6539999973,3239315.9459999995,3872641.387427471,9613794.261610525,Historical Hour-of-Day Mean,3559104.281055083
317,orchestration,544527.2749999999,614871.2619999999,686425.1669122509,474428.8017235208,Historical Hour-of-Day Mean,545403.2395
317,others,131.13200000000003,5015.284,65088.67842311605,114350.3063245144,Historical Hour-of-Day Mean,11014.912333333332
317,queue,18027723.37200001,18611496.74099999,17241422.085937183,18380360.26467701,Historical Hour-of-Day Mean,23536400.3105
317,storage,738627.7119999999,532113.041,461387.1702907588,347996.813080736,Historical Hour-of-Day Mean,422607.706
317,timer,1106585.729,1111510.648,1108770.5158275585,1073427.0249295612,Historical Hour-of-Day Mean,1108115.1472777778
318,event,2653993.396,2119708.894,1966379.4281783688,2210980.127745772,Historical Hour-of-Day Mean,2997536.7735
318,http,4037692.0710000014,4298933.708999998,3884638.004973175,7460040.931474001,Historical Hour-of-Day Mean,4908901.061474602
318,orchestration,552762.1979999999,555638.2899999998,673734.6955444256,509661.9623657147,Historical Hour-of-Day Mean,545923.3289999999
318,others,150.545,8012.164999999999,73556.37828908283,101069.8625554132,Historical Hour-of-Day Mean,15912.373666666668
318,queue,17061613.990000006,16750325.329000002,17081373.148323342,18889584.884329915,Historical Hour-of-Day Mean,21927592.69116668
318,storage,315495.04800000007,390466.7520000001,476987.6867842762,264869.3574848356,Historical Hour-of-Day Mean,659521.685
318,timer,1126912.91,1135457.523,1144888.8346627683,1086104.9828453625,Historical Hour-of-Day Mean,1141921.3539444443
319,event,2342690.402,2156785.9480000003,1947490.889151964,2214025.194971415,Historical Hour-of-Day Mean,2967596.981666667
319,http,3642268.250000001,4103796.294,3886820.879098604,7063964.318315812,Historical Hour-of-Day Mean,4582646.942625149
319,orchestration,591016.4509999999,609091.595,684446.6036311407,529643.2159589949,Historical Hour-of-Day Mean,610638.8848333334
319,others,63.297,4381.653,81392.39511655281,83825.27790610904,Historical Hour-of-Day Mean,17017.087833333328
319,queue,16582611.367999995,18134587.434,16764122.21891318,18764135.849757187,Historical Hour-of-Day Mean,19488523.5475
319,storage,294139.926,463507.934,500906.9868976519,259876.05135055436,Historical Hour-of-Day Mean,384408.2333333332
319,timer,1105179.38,1110884.904,1111582.7887079543,1076454.149283544,Historical Hour-of-Day Mean,1107794.8359444444
320,event,2369653.814,2115122.988,1943024.5205882003,2235215.7774856207,Historical Hour-of-Day Mean,2848593.065166667
320,http,3286933.4740000004,3626835.3042000006,3886303.252126413,7731386.81257683,Historical Hour-of-Day Mean,4775598.725387042
320,orchestration,651189.8699999999,647486.6649999998,689032.001519731,550944.8289486007,Historical Hour-of-Day Mean,623591.4478333333
320,others,63.28,7573.463000000002,88771.18735275819,227706.6657185509,Historical Hour-of-Day Mean,17554.05733333333
320,queue,16820412.175,17402331.995,16875951.934810597,17968591.41733169,Historical Hour-of-Day Mean,19284979.825
320,storage,309527.03699999995,458034.5160000001,518887.0257301423,300261.9171423549,Historical Hour-of-Day Mean,298385.57300000003
320,timer,1106068.7270000002,1108317.9669999997,1124406.1782148264,1064832.809128245,Historical Hour-of-Day Mean,1116797.6591111112
321,event,2317149.996,2087602.154,1938202.626459536,2284193.596706844,Historical Hour-of-Day Mean,2778672.2901666667
321,http,3342705.564,3498823.4347999985,3885360.389850731,6786935.826004801,Historical Hour-of-Day Mean,5164695.556337338
321,orchestration,650739.3010000001,634169.6479999999,689331.6857456845,524889.393325262,Historical Hour-of-Day Mean,719158.3563333334
321,others,923.985,4800.468,95597.99473200829,127170.83557890462,Historical Hour-of-Day Mean,13351.163333333336
321,queue,16781113.998,16568226.386,17082418.8316229,17888757.37288231,Historical Hour-of-Day Mean,19681225.020666663
321,storage,968011.1279999998,367530.7780000001,530796.9490153241,287706.2681353202,Historical Hour-of-Day Mean,296262.53
321,timer,1109728.285,1096146.184,1109295.2864253002,1066966.6086508487,Historical Hour-of-Day Mean,1107063.9274444445
322,event,2248815.872,2104498.113,1907282.225580916,2291306.7137093656,Historical Hour-of-Day Mean,3184056.8526666667
322,http,2920170.125,3293011.385999999,3888348.38291647,5496494.815403959,Historical Hour-of-Day Mean,4317330.723801612
322,orchestration,566899.407,645932.8009999997,693491.4521025511,529008.8190662488,Historical Hour-of-Day Mean,672409.8168333332
322,others,1013.917,7901.997,102026.0262635039,282199.99335139483,Historical Hour-of-Day Mean,25474.717499999995
322,queue,17105836.759999998,17766121.490000002,17419375.618117616,17857342.43002077,Historical Hour-of-Day Mean,20644072.159333333
322,storage,303959.527,332097.70700000005,543743.0851958863,263731.5473833572,Historical Hour-of-Day Mean,291543.4921666667
322,timer,1110063.881,1099253.611,1120185.1242687714,1056459.5834560045,Historical Hour-of-Day Mean,1114860.674111111
323,event,2103031.489,2091553.437,1910425.916370626,2316327.2726297965,Historical Hour-of-Day Mean,3107888.8745000004
323,http,2589930.673,3145837.2099999995,3888433.093181116,4747000.886060494,Historical Hour-of-Day Mean,4319734.323595366
323,orchestration,658442.4469999999,604981.3849999999,683656.6825343051,560484.8780111931,Historical Hour-of-Day Mean,702831.8125
323,others,105.015,4461.24,107959.73224317962,363679.4999286855,Historical Hour-of-Day Mean,8749.4585
323,queue,14847500.983000005,15666445.994,17360414.013880365,16227388.175002811,Historical Hour-of-Day Mean,19154499.907166667
323,storage,255628.251,318435.61100000003,556275.3253611492,265842.7229147025,Historical Hour-of-Day Mean,405692.6025
323,timer,1101882.6230000004,1100854.379,1115841.5708068055,1065717.3580419738,Historical Hour-of-Day Mean,1108215.0686111113
324,event,2124774.674,2099025.271,1925691.04990888,2311892.357891705,Historical Hour-of-Day Mean,3220396.4166666665
324,http,2785375.453999999,3164816.8529999987,3890397.0993316337,4915915.546190836,Historical Hour-of-Day Mean,4428467.789523444
324,orchestration,679190.4249999999,603050.337,681730.1230022137,544410.5495698958,Historical Hour-of-Day Mean,718247.0393333333
324,others,59.97399999999999,8827.585000000003,113573.5870224775,385326.534326232,Historical Hour-of-Day Mean,12485.08916666667
324,queue,16360061.791999992,16968158.313000005,17343487.923205175,16552003.567378797,Historical Hour-of-Day Mean,19612614.83283333
324,storage,265536.39099999995,873682.5890000003,595646.8545797542,337645.7740941725,Historical Hour-of-Day Mean,430063.6108333333
324,timer,1135359.157,1131388.069,1159998.8784982555,1055210.3328471296,Historical Hour-of-Day Mean,1146898.7049444446
325,event,2196035.924,2086194.764,1903389.8143018105,2285313.9443041533,Historical Hour-of-Day Mean,3549925.667666666
325,http,2768823.155,3982588.8900000015,3897363.8603822417,4259222.54414242,Historical Hour-of-Day Mean,4754018.572635417
325,orchestration,677051.4609999999,593542.73,677027.9270186845,556257.2116372344,Historical Hour-of-Day Mean,796191.3533333332
325,others,54.909,4126.545999999999,118722.76427063446,259024.82608666175,Historical Hour-of-Day Mean,10273.348999999998
325,queue,15616630.600000003,16389203.285999998,17823642.168431494,16515773.129887778,Historical Hour-of-Day Mean,21883293.76733333
325,storage,388624.898,5919029.226,856233.6571786023,372273.9455085552,Historical Hour-of-Day Mean,456406.47866666666
325,timer,1096268.992,1094173.2429999998,1115187.2262163374,1068744.4823959563,Historical Hour-of-Day Mean,1105194.9211111113
326,event,2229184.424,2155257.7639999995,1891293.3064453509,2366661.0699718315,Historical Hour-of-Day Mean,3674122.966
326,http,3021553.171000002,4304899.1120000025,3900658.561045464,3318505.302563167,Historical Hour-of-Day Mean,4300566.923314941
326,orchestration,635326.9829999999,748260.0419999999,712656.8335933033,528080.977081759,Historical Hour-of-Day Mean,727680.0116666666
326,others,55.812,4949.256999999998,123580.49594514476,108729.37815120406,Historical Hour-of-Day Mean,35563.56799999999
326,queue,16999466.562000003,15497251.558,18229610.455982167,16992741.294649314,Historical Hour-of-Day Mean,24577134.31633333
326,storage,290593.128,9939103.041000005,1064943.84925232,406286.6853990722,Historical Hour-of-Day Mean,416818.4581607143
326,timer,1106462.8409999998,1115816.3990000002,1129803.204698094,1043151.022296132,Historical Hour-of-Day Mean,1116155.2786111112
327,event,2287431.126,2192493.534,1907612.887976606,2392559.743851422,Historical Hour-of-Day Mean,3739747.304166666
327,http,2895822.4650000003,4328251.892999998,3901758.222194429,2920091.317507087,Historical Hour-of-Day Mean,4053491.231576955
327,orchestration,682919.0009999999,615083.4050000001,670605.2582885033,545880.5095351912,Historical Hour-of-Day Mean,841170.5236666667
327,others,58.628,3205.18,128087.791201254,93824.02072413811,Historical Hour-of-Day Mean,18890.03983333333
327,queue,15713454.598,15782563.613,17964770.582989912,17825425.766363345,Historical Hour-of-Day Mean,22573053.612333328
327,storage,285220.884,8418239.113999998,998197.1332370172,623431.6827091295,Historical Hour-of-Day Mean,357322.8954404762
327,timer,1097039.712,1112821.9369999997,1127031.1773553796,1049668.096551513,Historical Hour-of-Day Mean,1108994.7480555556
328,event,3124769.4939999986,2217916.504,1902475.7457200943,2312186.422276694,Historical Hour-of-Day Mean,3653876.3828333337
328,http,3200679.805999999,3911629.572,3899592.7547371,3073385.5898038344,Historical Hour-of-Day Mean,3727964.245333334
328,orchestration,649605.2999999998,588402.7540000001,679506.0869568245,560709.972811241,Historical Hour-of-Day Mean,819218.5948333334
328,others,58.536,4068.7129999999993,132318.94067863745,88659.61027261365,Historical Hour-of-Day Mean,13042.288666666667
328,queue,16417497.487000003,15088629.526000002,17908539.622559413,18161358.442134053,Historical Hour-of-Day Mean,21314353.31383333
328,storage,735730.967,9852458.471000005,1076965.338729101,1144031.8573745824,Historical Hour-of-Day Mean,301401.5805
328,timer,1106190.9989999998,1108186.209,1133749.4160135651,1039161.0713566694,Historical Hour-of-Day Mean,1117695.744777778
329,event,2617607.103,2159168.152,1988462.132909128,2334912.352742995,Historical Hour-of-Day Mean,4885702.255
329,http,3293696.9130000006,4017473.022,3900947.7940378,3016582.2016228237,Historical Hour-of-Day Mean,4110612.662012579
329,orchestration,643066.7339999999,568391.5549999999,675449.0595695277,571371.363118164,Historical Hour-of-Day Mean,695848.4401666666
329,others,55.514,2641.154,136244.39224933737,72841.18076942523,Historical Hour-of-Day Mean,8996.516666666668
329,queue,16536171.187999995,15219962.76,17972827.83299802,17988089.514229443,Historical Hour-of-Day Mean,21164688.47483333
329,storage,316594.874,8654544.593000004,1024547.366500891,1663201.883428212,Historical Hour-of-Day Mean,314492.7505
329,timer,1093819.3539999998,1091710.595,1122797.3563184408,1028898.1794362816,Historical Hour-of-Day Mean,1102530.3166111112
330,event,2618557.748,2660996.1459999997,1862972.7151020777,2552475.5500186123,Historical Hour-of-Day Mean,3314643.1328333337
330,http,3226832.190999999,5470042.204000002,3911777.652337909,3147122.5356872818,Historical Hour-of-Day Mean,5523874.017613404
330,orchestration,676332.6989999997,600847.6479999998,681579.733251792,653560.1738450889,Historical Hour-of-Day Mean,708356.5321666667
330,others,82.136,1298.9800000000002,139907.19117653996,113862.03736852048,Historical Hour-of-Day Mean,19553.732333333333
330,queue,17905672.276000004,16381228.432999996,17902269.57407011,19037514.18971037,Historical Hour-of-Day Mean,21793623.28666667
330,storage,276380.05899999995,9695761.482,1082350.5207063465,1665603.5011699968,Historical Hour-of-Day Mean,328607.6568154762
330,timer,1116169.0049999997,1118682.296,1155202.285150852,1120078.497833513,Historical Hour-of-Day Mean,1127586.0086111112
331,event,2896533.915,2428521.538,1880929.9207189484,2571770.0000498435,Historical Hour-of-Day Mean,3746488.2156666666
331,http,2894925.7469999986,5798427.428999998,3914498.66332992,3516780.286627202,Historical Hour-of-Day Mean,4821042.069921383
331,orchestration,611379.931,594758.184,680973.1116087086,646176.7534820962,Historical Hour-of-Day Mean,678722.3426666666
331,others,79.58599999999998,55.612,143325.09920081482,90146.0454254802,Historical Hour-of-Day Mean,18888.628166666665
331,queue,16945954.019,15231012.234,17775687.229965623,18642586.87639796,Historical Hour-of-Day Mean,20303658.903666664
331,storage,284800.661,8098091.434000001,1008793.0104591962,1574073.1930924305,Historical Hour-of-Day Mean,307971.3074821429
331,timer,1097327.15,1099265.868,1126855.1009876556,1057720.3377743335,Historical Hour-of-Day Mean,1103952.485777778
332,event,3209367.149,2561852.658,1845003.1997726413,2603263.406946755,Historical Hour-of-Day Mean,4135751.544
332,http,3323274.824,4164541.925999999,3903240.9561235774,3768784.58971052,Historical Hour-of-Day Mean,5466745.91679245
332,orchestration,641699.3069999998,602147.7129999999,682074.748728782,619476.2476357162,Historical Hour-of-Day Mean,747394.5756666666
332,others,54.016,83.945,146526.48512045806,78305.26015499211,Historical Hour-of-Day Mean,5944.792
332,queue,16065246.379999995,16590036.527000004,17658038.521650735,18541078.74184015,Historical Hour-of-Day Mean,19574622.671666663
332,storage,268422.28500000003,2076489.272,715516.599949419,1769681.7683165448,Historical Hour-of-Day Mean,302880.4942142857
332,timer,1108052.2840000002,1104697.554,1141343.303021018,1053426.295234865,Historical Hour-of-Day Mean,1116975.208277778
333,event,2445292.895,2267347.938,1838412.8980455648,2532796.392949905,Historical Hour-of-Day Mean,2950910.8795
333,http,5381616.227999999,4535600.928000001,3906250.769523674,3397934.110383962,Historical Hour-of-Day Mean,6175781.424798456
333,orchestration,755815.541,770654.7159999999,712659.1712087046,699324.6083629142,Historical Hour-of-Day Mean,858920.0331666666
333,others,54.03499999999999,54.737,149513.18381430767,78305.26015499211,Historical Hour-of-Day Mean,640.3588333333333
333,queue,15100810.761000002,14412157.647999998,17636520.235109653,19082358.41553647,Historical Hour-of-Day Mean,19404104.726166666
333,storage,852345.764,262323.53899999993,630149.1583341416,1592765.6231538395,Historical Hour-of-Day Mean,277795.0475535714
333,timer,1090993.9219999998,1090667.111,1130087.820223931,1052928.3186165676,Historical Hour-of-Day Mean,1105044.332777778
334,event,2152895.682,2186920.473,1861104.8969200505,2311693.719524907,Historical Hour-of-Day Mean,3045548.6905000005
334,http,2974523.5760000004,4431274.715,3905858.774694061,3118587.2570647174,Historical Hour-of-Day Mean,5783517.062468838
334,orchestration,786394.3280000001,800664.195,724037.2712941299,729546.1865385968,Historical Hour-of-Day Mean,864326.418
334,others,55.85,90.654,152300.76219363755,77992.94300755883,Historical Hour-of-Day Mean,5594.0718333333325
334,queue,15110164.561000004,14971030.426,17504633.46326426,18477073.966420032,Historical Hour-of-Day Mean,19349370.460166663
334,storage,272270.351,269637.862,634560.9650444789,1590467.596158241,Historical Hour-of-Day Mean,279496.10583333333
334,timer,1083571.6220000002,1088401.1719999998,1130928.7210999066,1020266.7111426984,Historical Hour-of-Day Mean,1108186.319111111
335,event,2317251.643,2164090.708,1879548.0617543363,2168052.5090165813,Historical Hour-of-Day Mean,2916121.114333334
335,http,3429338.533,3818688.7429999993,3901719.965312729,3270083.407598028,Historical Hour-of-Day Mean,5657966.819528303
335,orchestration,829827.0660000001,734781.6359999999,709580.0176566957,677842.8947018028,Historical Hour-of-Day Mean,779359.4298333334
335,others,53.511,114.896,154901.80184138552,74953.41859941158,Historical Hour-of-Day Mean,12711.007333333337
335,queue,14428567.134,15097432.193999996,17530317.04600149,18125197.49937072,Historical Hour-of-Day Mean,19326617.615166668
335,storage,260921.047,256030.101,637517.3129545125,1382911.79565958,Historical Hour-of-Day Mean,268397.8406666667
335,timer,1092674.846,1091160.5030000005,1133987.8673205187,1010769.1260804138,Historical Hour-of-Day Mean,1113397.9082777775
