forecast_hour,trigger,point_forecast,P50,P80,P90,P95,P99
1,TOTAL,29560704.377408117,25137640.405025396,28478200.02832136,30873587.310126327,31770717.585576624,34407244.04249482
1,event,3257189.919214286,2066117.1993809524,2505159.512880952,2673450.6237142864,2795667.625047619,3078885.887380953
1,http,3481947.17227958,2286826.702331883,2955613.0016129133,3756707.833702624,4478715.53994625,4998486.501386782
1,orchestration,815867.7560714287,825582.7170714285,915115.6850714288,999860.4337380952,1110151.594404762,1396136.2794047615
1,others,185872.237,180437.8231666667,219394.67533333332,1926718.9295000003,3612614.9071666673,3925595.2385000014
1,queue,20272871.064465668,17394920.395132337,19970091.895632338,21866493.05663234,22810405.57329899,25507928.313299
1,storage,367210.27685714286,477910.1736428572,675369.5626904762,810829.2550238098,8157330.403375002,9889494.859696431
1,timer,1179745.951520004,1223804.5024736314,1246575.1406958536,1261207.0934736317,1275893.7494088928,1312240.2260948431
2,TOTAL,32162253.627356604,27561596.18762034,31079749.27826985,33655003.3144143,34431661.97300863,37008793.29244331
2,event,2932898.0303571424,1764110.3226904755,2180867.6240238086,2349158.734857143,2471375.7361904755,2754593.998523809
2,http,3463449.8693424133,2268329.399394716,2984599.2207172643,3738210.5307654566,4711285.6230050735,4979989.198449615
2,orchestration,624659.962,631498.831,722808.8355,808652.6396666667,918943.8003333334,1204928.4853333333
2,others,188350.04407142865,182915.6302380953,221872.48240476195,1883460.884738096,3615092.714238096,3928073.0455714297
2,queue,23430915.38700648,20768412.68467315,23087488.17883981,25038372.38300648,25986840.69300649,28665972.63583981
2,storage,395883.6694515306,505389.0044515306,698050.1489515306,839502.6476181976,8186003.795969389,9918168.25229082
2,timer,1126096.665127611,1169363.731747905,1192925.8543034606,1206660.8251831664,1222244.4630164998,1258590.93970245
3,TOTAL,34695660.52218263,30095003.082446363,33449691.7595456,36008543.45490084,36905673.73035114,39542200.18726934
3,event,2668049.171571429,1499261.4639047622,1934579.0944047617,2084309.876071429,2206526.877404762,2489745.139738096
3,http,3325405.1229124204,2130284.6529647238,2799070.9522457537,3579679.807745755,4322173.49057909,4841944.452019623
3,orchestration,567222.1251428572,576937.0861428571,666470.0541428574,751214.8028095239,861505.9634761906,1147490.6484761904
3,others,184713.59085714284,179210.1730238095,218037.37485714283,1879824.43152381,3481819.4121904774,3924436.592357144
3,queue,26422132.10144918,23522021.07878252,26078704.89328251,28015754.09361585,28959666.610282503,31657189.350282516
3,storage,387235.5742857143,493381.63780357153,689402.0537857143,821564.9607857142,5849858.321619047,9909520.157125004
3,timer,1140902.8359638818,1184052.218352771,1207732.0251397314,1222363.9779175094,1231120.8056392677,1273523.1366785308
4,TOTAL,33554304.73166176,28953647.2919255,32471800.382575005,35047054.418719456,35764317.93983028,38407546.980048455
4,event,2842107.812642857,1659275.5314761903,2108637.7354761898,2258368.5171428574,2380585.51847619,2663803.780809524
4,http,3101081.89816885,1905961.428221153,2734399.952502185,3375842.5595918936,4348917.651831511,4617621.227276052
4,orchestration,572457.8745,579296.7435,670606.748,751218.2878333332,830717.6523333336,1152726.3978333331
4,others,218059.4200714286,212625.0062380953,251581.85840476197,1958906.112571429,3644802.090238096,3957782.42157143
4,queue,25269221.772954818,22391271.103621487,24966442.604121488,26862843.76512149,27806756.28178814,30504279.02178815
4,storage,429287.54321428575,535433.606732143,731454.0227142856,863616.9297142858,8219407.669732144,9951572.126053575
4,timer,1122088.4101095218,1165237.792498411,1188917.5992853714,1202652.5701650772,1218236.2079984106,1254582.6846843609
5,TOTAL,32295568.036620274,27705511.4493385,31213063.68753352,33788317.72367798,34564976.38227231,37198252.88587832
5,event,3166936.5997857144,1984104.318619048,2433466.522619047,2628105.631285714,2754389.2906190483,2988632.567952381
5,http,3051639.2972975024,1856518.8273498053,2572788.648672353,3326399.9587205458,4299475.050960163,4568178.6264047045
5,orchestration,674287.8527142858,681126.7217142858,772436.7262142858,853048.266047619,968571.6910476192,1254556.376047619
5,others,243728.53385714284,238225.1160238095,277250.9721904762,1984575.2263571431,3670471.20402381,3983451.535357144
5,queue,23591100.399417333,20928597.697084,23288321.230584003,25198557.395417333,26147025.70541734,28826157.648250666
5,storage,441436.8689285714,547582.9324464286,748422.5139285714,875766.2554285714,5904059.616261904,9963721.451767862
5,timer,1126438.484619726,1169587.867008615,1193267.6737955755,1207002.6446752814,1222586.2825086147,1258932.759194565
6,TOTAL,31943199.270111933,27353142.68283015,30784728.096612405,33256082.202830147,34153212.47828045,36789738.93519864
6,event,2733731.943928572,1564944.2362619052,2000261.866761905,2149992.6484285723,2272209.649761905,2555427.912095239
6,http,3135617.943421888,1940497.4734741903,2656767.294796739,3391941.225914201,4383453.697084548,4652157.27252909
6,orchestration,562022.9976428571,568861.8666428571,660171.8711428571,740783.4109761904,820282.7754761907,1142291.5209761902
6,others,238858.1706428572,233354.75280952384,272181.9546428572,1933969.0113095243,3535963.9919761918,3978581.172142858
6,queue,23632526.16992746,20754575.500594128,23289098.96176079,25226148.16209413,26170060.678760786,28867583.41876079
6,storage,520727.4759999999,630232.8109999999,827713.1209999998,964346.4541666668,5983350.223333333,10043012.05883929
6,timer,1119714.5685482973,1162981.6351685913,1186184.888270519,1201175.7105019249,1215862.366437186,1252208.8431231363
7,TOTAL,31696995.00227162,27106938.41498984,30614490.653184857,33189744.68932931,33966403.347923644,36543534.66735832
7,event,2853196.487285714,1670364.2061190477,2101166.0809523803,2269457.1917857146,2391674.193119047,2674892.455452381
7,http,3939660.778188255,2744540.308240558,3413326.6075215884,4214421.439611299,5187496.531850915,5456200.107295457
7,orchestration,588381.3908571427,595220.2598571427,687629.319857143,772374.0685238094,846641.1686904763,1168649.9141904758
7,others,305211.74607142864,299777.3322380953,338734.184404762,2046058.4385714289,3602317.567404763,4044934.7475714297
7,queue,22335167.630830985,19672664.928497653,21991740.422664315,23928789.622997656,24891092.93683099,27570224.87966432
7,storage,523761.2133571429,634461.1101428573,825927.6928571429,967380.19152381,8313881.339875001,10046045.796196433
7,timer,1151615.7556809504,1194882.8223012444,1218444.9448568,1233076.897634578,1247763.553569839,1296712.6442365053
8,TOTAL,30326317.785871133,25725660.346134868,29167846.61237161,31639200.71858936,32536330.994039647,35172857.45095784
8,event,2900148.7612142856,1731361.053547619,2166678.6840476184,2316409.465714286,2438626.4670476187,2721844.7293809527
8,http,3734953.8732657726,2519641.0722656925,3208619.702599106,4009714.534688816,4982789.626928434,5251493.202372975
8,orchestration,602326.2029285714,609165.0719285713,700475.0764285714,781086.6162619046,860585.980761905,1182594.7262619045
8,others,299162.4397142857,293659.0218809524,332486.2237142857,1994273.2803809529,3596268.26104762,4038885.441214287
8,queue,21303020.94342441,18402909.92075775,21000241.77459108,22896642.935591083,23841474.992116056,26538078.192257743
8,storage,367066.50657142856,473212.5700892858,669232.9860714285,801395.8930714285,5829689.253904762,9889351.08941072
8,timer,1119639.058752379,1162788.441141268,1186109.3784746006,1200203.2188079343,1209544.9322060065,1252133.333327218
9,TOTAL,29650812.82558761,25227748.853204902,28568308.476500858,31143562.512645315,31920221.171239648,35042411.85885137
9,event,2707116.296714286,1538328.5890476191,1955085.890380952,2123377.0012142863,2294568.9875476197,2528812.264880953
9,http,3735762.300334281,2520449.499334201,3256911.6517091324,4010522.9617573246,4983598.053996942,5252301.629441483
9,orchestration,677858.7085,684697.5774999999,776007.5819999999,861851.3861666666,972142.5468333332,1258127.2318333331
9,others,342144.58557142864,336641.16773809533,375667.023904762,2037255.426238096,3768887.255738096,4081867.58707143
9,queue,20724136.4538581,18061633.75152477,20421357.28502477,22331593.4498581,23280061.759858105,25959193.702691432
9,storage,335345.3610714286,441491.4245892858,642331.0060714285,778964.3392380956,8125465.487589287,9886402.251571434
9,timer,1128449.1195380932,1171598.5019269823,1194919.439260315,1209013.2795936486,1218354.9929917206,1260943.3941129325
10,TOTAL,30266522.702767543,25843458.730384827,29184018.353680786,31759272.38982524,32476535.910936054,35113062.36785425
10,event,2604237.5305714286,1421405.2494047622,1852207.1242380948,2020498.235071429,2142715.2364047617,2425933.498738096
10,http,4182941.2753814138,2987820.8054337166,3656607.104714747,4437215.960214749,5179709.643048083,5699480.604488616
10,orchestration,704412.4673571428,714127.4283571427,803660.3963571431,888405.1450238095,998696.3056904762,1284680.9906904758
10,others,282144.6760714286,276641.25823809527,315667.11440476193,2022991.368571429,3579250.497404763,4021867.67757143
10,queue,20981604.642848037,18103653.973514702,20678825.474014703,22589061.638848037,23537529.94884804,26216661.89168137
10,storage,397613.1723571429,507118.5073571428,704598.8173571428,841232.1505238098,8187733.298875001,9919897.755196432
10,timer,1113568.9381809505,1156836.0048012445,1180398.1273568,1195030.080134578,1209716.7360698392,1246063.2127557895
11,TOTAL,30229791.99518109,25639735.40789931,29147287.646094333,31722541.682238787,32439805.2033496,35076331.6602678
11,event,2792519.6452857144,1623731.9376190477,2059049.5681190472,2253688.676785714,2330997.3511190475,2614215.613452381
11,http,3501919.7089778534,2328022.5953824865,3023069.0603527045,3776680.3704008968,4498688.076644523,5018459.038085056
11,orchestration,673024.138,682739.0989999999,771173.0115,851784.5513333332,931283.9158333336,1253292.6613333332
11,others,328800.06785714295,323365.6540238096,362322.5061904763,2069646.7603571436,3755542.73802381,4068523.069357144
11,queue,21443685.767593715,18781183.065260384,21140906.598760385,23051142.763593715,23999611.07359372,26678743.016427048
11,storage,368654.4819285715,478159.8169285714,675640.1269285714,802983.8684285714,5831277.229261904,9890939.064767862
11,timer,1121188.185538093,1164337.5679269824,1188017.3747139429,1202649.327491721,1217335.983426982,1253682.4601129324
12,TOTAL,28668267.177588947,24072910.164079923,27585762.82850219,30161016.864646643,30937675.52324098,33514806.842675656
12,event,2893926.5275714286,1725138.819904762,2160456.4504047614,2355095.559071428,2481379.2184047624,2715622.495738096
12,http,3563035.9565270203,2347723.15552694,3084185.3079018714,3837796.617950064,4559804.32419369,5079575.285634222
12,orchestration,683471.4314285713,690310.3004285713,781620.3049285713,862231.8447619046,941731.2092619048,1263739.9547619044
12,others,327667.9112142858,322164.4933809525,360991.6952142858,2068514.603714286,3754410.581380953,4067390.912714287
12,queue,19721952.02309526,16844001.35376193,19378524.81492859,21315574.015261933,22259486.531928584,24957009.271928597
12,storage,363653.49521428574,469799.55873214296,670639.1402142857,807272.4733809527,8153773.621732144,9885938.078053577
12,timer,1114559.8325380932,1157709.2149269823,1181389.0217139428,1196020.9744917208,1204465.7059917203,1247054.1071129325
13,TOTAL,29555049.968237657,24954392.5285014,28396578.794738133,30867932.900955874,31765063.176406167,34401589.63332437
13,event,2882608.789428572,1699776.5082619053,2130578.383095238,2343777.8209285717,2421086.495261905,2704304.7575952387
13,http,3724954.604561369,2509641.8035612884,3198620.433894702,3979229.289394703,4721722.972228038,5241493.933668571
13,orchestration,743994.9661428572,750833.8351428572,843242.8951428575,927987.643809524,1038278.8044761906,1324263.4894761904
13,others,326734.66057142854,321231.2427380952,360058.4445714285,2021845.501238096,3623840.481904763,4066457.6620714297
13,queue,20302774.47392391,17424823.80459058,19959347.26575724,21896396.466090582,22840308.982757237,25537831.722757243
13,storage,418497.0559285714,528002.3909285713,725482.7009285714,862116.0340952384,8208617.182446429,9940781.63876786
13,timer,1155485.4176809504,1198634.8000698397,1221955.737403172,1236049.5777365058,1245391.2911345777,1287979.6922557894
14,TOTAL,31558355.53803201,26957698.098295752,30475851.188945256,33051105.22508971,33768368.746200524,36404895.20311873
14,event,3647049.3296428574,2464217.0484761912,2895018.923309524,3063310.034142858,3185527.0354761905,3468745.2978095245
14,http,3936437.164957907,2721124.363957827,3410102.9942912403,4211197.82638095,4933205.532624576,5452976.49406511
14,orchestration,776051.7410714285,785766.7020714284,874200.6145714285,954812.1544047616,1034311.518904762,1356320.2644047616
14,others,83364.63357142858,77861.21573809526,116887.07190476192,1783049.0594214457,3510107.303738096,3823087.63507143
14,queue,21191495.08744928,18313544.418115947,20848067.87928261,22785117.07961595,23729949.136140924,26426552.33628261
14,storage,812667.2620714286,918813.3255892858,1119652.9070714286,1246996.6485714286,6275290.009404762,10334951.84491072
14,timer,1111290.319267685,1154439.7016565742,1178119.5084435346,1192751.4612213126,1207438.1171565738,1243784.593842524
15,TOTAL,33099594.82382113,28498937.384084865,31941123.650321607,34412477.75653935,35312577.78886378,37946134.48890784
15,event,3668496.8077857145,2485664.526619048,2935026.730619048,3084757.512285715,3206974.513619048,3490192.775952381
15,http,3763605.921834677,2548293.1208345965,3237271.75116801,4017880.6066680113,4760374.289501347,5280145.250941878
15,orchestration,770200.7374999999,779915.6984999998,869448.6665000002,954193.4151666666,1028460.5153333336,1350469.260833333
15,others,57883.20442857143,52379.786595238096,91206.98842857142,1798729.896928572,3354989.0257619056,3797606.205928573
15,queue,22640918.37849173,19978415.6761584,22297491.17032506,24234540.3706584,25178452.88732505,27875975.62732506
15,storage,1074312.3001403064,1180458.3636581637,1376478.7796403065,1508641.6866403064,6536935.047473639,10596596.882979596
15,timer,1124177.473640134,1167326.8560290232,1191006.6628159836,1205638.6155937617,1220325.2715290228,1256671.7482149731
16,TOTAL,32781075.84502046,28191019.25773868,31698571.495933704,34093958.77773868,34991089.05318897,37633066.103789054
16,event,3604118.034285714,2435330.326619047,2852087.62795238,3020378.7387857144,3145044.4893690115,3425814.002452381
16,http,3701969.7034211927,2506849.233473496,3223119.054796044,3956244.388254528,4698738.071087862,5218509.032528395
16,orchestration,853930.0437857143,860768.9127857143,952078.9172857144,1037922.721452381,1148213.8821190477,1434198.5671190475
16,others,37292.07585714286,31857.662023809527,70814.51419047618,1778138.7683571433,3464034.74602381,3777015.077357144
16,queue,22521692.523067784,19643741.85373445,22178265.314901117,24115314.51523445,25059227.031901103,27756749.77190112
16,storage,943053.6891173468,1049199.752635204,1250039.334117347,1386672.6672840137,8733173.815635204,10465338.271956636
16,timer,1119019.775485567,1162286.842105861,1185490.0952077887,1199583.9355411225,1208925.6489391944,1251514.050060406
17,TOTAL,33214705.16818,28791641.195797283,32149139.83195038,34707454.85523769,35489271.23185583,38061244.83326671
17,event,3691707.201857143,2500634.482023809,2939676.795523809,3107967.906357143,3230184.907690476,3513403.1700238097
17,http,3399829.1884464426,2183306.2894338635,2873495.017779776,3674589.849869486,4396597.556113113,4916368.517553644
17,orchestration,815004.5657142857,824719.5267142856,914252.494714286,998997.2433809524,1073264.3435476194,1395273.089047619
17,others,13675.298142857142,8240.88430952381,47197.73647619048,1754521.9906428575,3440417.968309524,3753398.299642858
17,queue,23112509.193607125,20468052.6737738,22877391.66177379,24719966.189607125,25668434.49960713,28347566.442440458
17,storage,1057223.836714286,1167923.7335,1359390.3162142858,1500842.814880953,8847343.963232145,10579508.419553576
17,timer,1124755.8836978588,1168022.9503181528,1191585.0728737083,1206217.0256514864,1220903.6815867475,1257250.1582726978
18,TOTAL,34807222.04715691,30221867.382922757,33747606.75378444,36120104.97987513,37017235.25532542,39653761.71224362
18,event,4690156.672642856,3521368.964976189,3956686.5954761887,4151325.704142856,4277609.36347619,4511852.640809523
18,http,3558352.459191998,2363231.989244301,3079501.810566849,3812627.1440253328,4555120.826858668,5074891.7882992
18,orchestration,753809.779,763524.7399999999,851958.6525,937802.4566666668,1048093.6173333334,1383393.401
18,others,7725.255285714286,2290.8414523809543,41247.69361904762,1702836.0959523814,3434467.9254523814,3747448.256785716
18,queue,23738769.12619103,20860818.4568577,23435989.9573577,25346226.12219103,26294694.43219104,28973826.375024363
18,storage,944679.0727857146,1054184.4077857146,1251664.717785715,1388298.0509523817,6407301.820119048,10466963.655625004
18,timer,1113729.6820595977,1156879.0644484868,1180200.0017818194,1194293.842115153,1203635.555513225,1246223.9566344367
19,TOTAL,37827715.11690078,33233482.4341407,36669243.94340125,39140598.04961899,40037728.325069286,42674254.78198748
19,event,3561089.524214286,2392301.816547619,2827619.4470476187,2977350.2287142863,3099567.230047619,3382785.492380953
19,http,4295066.425727523,3079753.624727443,3767781.986394188,4549341.110560858,5291834.793394193,5811605.754834725
19,orchestration,815636.0897857143,822474.9587857142,913784.9632857144,994396.5031190476,1073895.867619048,1395904.6131190474
19,others,10529.033857142857,5025.616023809524,43852.81785714285,1705639.87452381,3437271.70402381,3750252.035357144
19,queue,26964223.236884423,24086272.56755109,26620796.028717756,28571680.232884426,29501757.745717745,32199280.485717755
19,storage,1037227.369492347,1143373.4330102042,1339393.848992347,1471556.755992347,6499850.11682568,10559511.952331636
19,timer,1143943.4369393396,1187092.8193282287,1210413.756661561,1224507.596994895,1233849.310392967,1289040.3254948943
20,TOTAL,32459737.81308106,27867038.126606703,31398851.73742288,33952487.50013875,34738983.13732833,37306277.47816777
20,event,4179144.0072857146,3010356.299619048,3445673.9301190474,3640313.038785714,3717621.713119048,4000839.9754523817
20,http,4043818.3617291977,2828505.5607291176,3517484.191062531,4298093.046562532,5291654.115391858,5560357.6908364
20,orchestration,773779.5664285714,783494.5274285713,871928.4399285713,952539.9797619046,1032039.344261905,1354048.0897619044
20,others,8996.037571428571,3561.623738095239,42518.4759047619,1704106.8782380957,3306101.8589047627,3748719.0390714295
20,queue,21439337.709366243,18776835.007032912,21136558.540532917,23046794.705366243,23995263.01536625,26674394.958199576
20,storage,896019.1816352041,1005524.516635204,1198185.661135204,1330348.568135204,6475016.797926069,10418303.764474494
20,timer,1118642.9490646997,1161792.3314535888,1185113.2687869214,1200104.0910183273,1214790.7469535884,1251137.2236395387
21,TOTAL,31349325.03614948,26762651.246960822,30190853.86264995,32842074.72320717,33634596.25768246,36195864.70123618
21,event,4278001.179357142,3095168.898190476,3525970.7730238084,3694261.883857143,3865453.870190476,4099697.147523809
21,http,4138154.003738985,2922841.2027389044,3611819.8330723178,4412914.665162028,5385989.757401645,5654693.332846187
21,orchestration,814028.8560714285,820867.7250714285,912177.7295714284,992789.2694047616,1072288.633904762,1394297.3794047616
21,others,2970.1402857142857,0.0,36293.92428571428,1743816.8327857149,3429712.810452381,3742693.1417857152
21,queue,20524816.010187544,17646865.340854213,20181388.802020878,22118438.002354216,23062350.519020867,25759873.25902088
21,storage,460936.9778061225,570442.3128061225,767922.6228061224,904555.9559727894,8251057.10432398,9983221.560645413
21,timer,1130417.8687025392,1173567.2510914283,1197247.0578783888,1211879.0106561668,1226565.666591428,1262912.1432773783
22,TOTAL,30910257.263679955,26325944.298919886,29751786.090180427,32223140.196398176,33120270.471848466,35758692.629742846
22,event,3585189.7308571427,2416402.023190476,2833159.324523809,3001450.435357143,3123667.436690476,3406885.6990238097
22,http,4828359.762994156,3613046.961994076,4302025.5923274895,5103120.4244172,6076195.516656817,6344899.092101358
22,orchestration,922679.1154285716,930956.0304285714,1021927.0444285716,1101439.5287619047,1180938.893261905,1502947.6387619046
22,others,609.3158571428572,0.0,34131.75419047619,1695720.15652381,3297715.137190477,3740332.317357144
22,queue,20098964.845372427,17436462.143039096,19755537.63720576,21692586.8375391,22636499.35420575,25334022.09420576
22,storage,356609.9150229592,462755.9785408164,658776.3945229591,790939.3015229591,5819232.662356292,9878894.49786225
22,timer,1117844.5781475552,1161111.6447678492,1184673.7673234048,1198408.7382031106,1207750.4516011826,1250338.8527223945
23,TOTAL,30366952.40358897,25786039.19792624,29311778.56878792,31679835.336307187,32576965.611757483,35213492.06867568
23,event,3284527.293785714,2101695.0126190474,2532496.8874523803,2700787.9982857145,2823004.999619047,3106223.261952381
23,http,4295174.990665149,3079862.189665069,3768840.819998482,4569935.652088192,5543010.74432781,5811714.319772352
23,orchestration,911904.8240714284,918743.6930714285,1012336.2557380951,1095897.5017380952,1206188.662404762,1492173.3474047617
23,others,3283.7967142857137,0.0,36806.23504761905,1698394.6373809527,3300389.61804762,3743006.798214287
23,queue,20378645.66592561,17500694.996592283,20035218.457758944,21986102.66192561,22916180.174758937,25613702.914758947
23,storage,375812.2202142857,485317.5552142857,682797.8652142857,819431.1983809527,8165932.346732144,9926869.11071429
23,timer,1117603.6122124903,1160870.6788327843,1184432.8013883398,1198257.4704578533,1207821.581887876,1250097.886787329
24,TOTAL,30091837.55604653,25500758.18778646,28933366.38254701,31404720.488764755,32301850.764215045,34938377.22113324
24,event,3947056.6215714286,2778268.913904762,3195026.215238095,3363317.326071429,3485534.3274047617,3768752.589738096
24,http,4214596.475660427,2998073.5766478474,3688262.30499376,4489357.13708347,5462432.229323087,5731135.804767629
24,orchestration,806661.8025714286,816376.7635714285,905909.7315714288,985422.2159047618,1064921.5804047622,1386930.3259047617
24,others,7375.719357142858,1941.3055238095255,40699.50335714285,1702486.56002381,3304481.540690477,3747098.720857144
24,queue,19633584.673444025,16971081.971110694,19290157.465277355,21227206.665610697,22189509.97944403,27872454.52527735
24,storage,362335.1530714286,471840.48807142855,669320.7980714286,796664.5395714286,5824957.900404762,9884619.735910716
24,timer,1120227.1103706534,1163376.4927595423,1187056.299546503,1200791.2704262089,1210132.9838242808,1252721.3849454925
